JDAJ210G071011078,#¡REF!
JDAJ210G071011072,#¡REF!
JDAJ210G071011212,#¡REF!
JDAJ210G071011411,#¡REF!
JDAJ210G071011022,#¡REF!
JDAJ210G071011547,#¡REF!
JDAJ210G071011703,#¡REF!
JDAJ210G071011748,#¡REF!
JDAJ210G071011894,#¡REF!
,#¡REF!
,#¡REF!
,#¡REF!
            PRODUCCION JULIO 15    UNIDADES  (ADUAMERICA),#¡REF!
,#¡REF!
CHASIS,Concesionario
,#¡REF!
JDAJ210G071011969,#¡REF!
JDA00V11670022378,#¡REF!
JDA00V11670022397,#¡REF!
JDA00V11670022408,#¡REF!
JDA00V11670022425,#¡REF!
JDA00V11670022443,#¡REF!
JDAJ210G071014039,#¡REF!
JDAJ210G071014319,#¡REF!
JDAJ210G071014546,#¡REF!
JDAJ210G071012888,#¡REF!
JDAJ210G071012884,#¡REF!
JDA00V11670022385,#¡REF!
JDA00V11670022445,#¡REF!
JDA00V11670022462,#¡REF!
JDA00V11670022491,#¡REF!
,#¡REF!
,#¡REF!
,#¡REF!
            PRODUCCION AGOSTO 26    UNIDADES  (ADUAMERICA),#¡REF!
,#¡REF!
,#¡REF!
,#¡REF!
CHASIS,Concesionario
,#¡REF!
JDA00V11670022664,#¡REF!
JDAJ210G071016471,#¡REF!
JDAJ210G071016672,#¡REF!
JDAJ210G071016713,#¡REF!
JDAJ210G071016847,#¡REF!
JDAJ210G071016853,#¡REF!
JDAJ210G071017048,#¡REF!
JDAJ210G071017182,#¡REF!
JDAJ210G071017189,#¡REF!
JDAJ210G071017387,#¡REF!
JDAJ210G071017576,#¡REF!
JDAJ210G071017367,#¡REF!
JDAJ210G071017129,#¡REF!
JDAJ210G071017218,#¡REF!
JDAJ210G071017228,#¡REF!
JDAJ210G071017541,#¡REF!
JDA00V11670022774,#¡REF!
JDA00V11670022809,#¡REF!
JDA00V11670022824,#¡REF!
JDA00V11670022835,#¡REF!
JDA00V11670022845,#¡REF!
JDA00V11670022739,#¡REF!
JDA00V11670022857,#¡REF!
JDA00V11670022874,#¡REF!
JDA00V11670022891,#¡REF!
JDA00V11670022902,#¡REF!
,#¡REF!
,#¡REF!
,#¡REF!
PRODUCCION SETIEMBRE 25 UNIDADES,#¡REF!
,#¡REF!
,#¡REF!
CHASIS,Concesionario
,#¡REF!
JDAJ210G071020331,#¡REF!
JDAJ210G071020484,#¡REF!
JDAJ210G071020593,#¡REF!
JDAJ210G071020637,#¡REF!
JDAJ210G071020784,#¡REF!
JDAJ210G071021347,#¡REF!
JDAJ210G071021343,#¡REF!
JDAJ210G071021482,#¡REF!
JDAJ210G071021498,#¡REF!
JDAJ210G071021475,#¡REF!
JDAJ210G071021360,#¡REF!
JDAJ210G071021506,#¡REF!
JDAJ210G071020664,#¡REF!
JDAJ210G071020804,#¡REF!
JDAJ210G071021200,#¡REF!
JDAJ210G071021663,#¡REF!
JDAJ210G071020790,#¡REF!
JDAJ210G071021005,#¡REF!
JDAJ210G071021635,#¡REF!
JDAJ210G071021887,#¡REF!
JDAM301S071045604,#¡REF!
JDAM301S071045651,#¡REF!
JDAM301S071045438,#¡REF!
JDA00V11670023187,#¡REF!
JDA00V11670023364,#¡REF!
,#¡REF!
,#¡REF!
,#¡REF!
PRODUCCION OCTUBRE 20 UNIDADES,#¡REF!
,#¡REF!
,#¡REF!
CHASIS,Concesionario
,#¡REF!
,#¡REF!
JDAJ210G071023379,#¡REF!
JDAJ210G071023391,#¡REF!
JDAJ210G071023667,#¡REF!
JDAJ210G071024314,#¡REF!
JDAJ210G071024623,#¡REF!
JDAJ210G071024823,#¡REF!
JDAJ210G071026039,#¡REF!
JDAJ210G071024698,#¡REF!
JDAJ210G071025302,#¡REF!
JDAJ210G071025086,#¡REF!
JDAJ210G071025282,#¡REF!
JDAJ210G071025541,#¡REF!
JDAJ210G071025299,#¡REF!
JDAJ210G071025176,#¡REF!
JDAJ210G071025452,#¡REF!
JDAJ210G071025457,#¡REF!
JDAJ210G071025459,#¡REF!
JDA00V11670023533,#¡REF!
JDA00V11670023633,#¡REF!
JDA00V11670023728,#¡REF!
,#¡REF!
,#¡REF!
,#¡REF!
,#¡REF!
PRODUCCION NOVIEMBRE 23 UNIDADES,#¡REF!
,#¡REF!
,#¡REF!
CHASIS,Concesionario
,#¡REF!
,#¡REF!
JDAJ210G071026291,#¡REF!
JDAJ210G071026494,#¡REF!
JDAJ210G071026628,#¡REF!
JDA00V11670023846,#¡REF!
JDAJ210G071027599,#¡REF!
JDAJ210G071028758,#¡REF!
JDAJ210G071028076,#¡REF!
JDAJ210G071028999,#¡REF!
JDAJ210G071027836,#¡REF!
JDAJ210G071027838,#¡REF!
JDAJ210G071028012,#¡REF!
JDAJ210G071028260,#¡REF!
JDAJ210G071028436,#¡REF!
JDAJ210G071028937,#¡REF!
JDAJ210G071027696,#¡REF!
JDAJ210G071028621,#¡REF!
JDAJ210G071028254,#¡REF!
JDAJ210G071028950,#¡REF!
JDAJ210G071029045,#¡REF!
JDA00V11670023947,#¡REF!
JDA00V11670024085,#¡REF!
JDA00V11670024112,#¡REF!
JDA00V11670024145,#¡REF!
,#¡REF!
,#¡REF!
,#¡REF!
,#¡REF!
,#¡REF!
PRODUCCION DICIEMBRE 13 UNIDADES,#¡REF!
,#¡REF!
,#¡REF!
CHASIS,Concesionario
,#¡REF!
,#¡REF!
JDA00V11670024250,#¡REF!
JDAJ210G071031553,#¡REF!
JDAJ210G071031913,#¡REF!
JDAJ210G071032185,#¡REF!
JDAJ210G071032304,#¡REF!
JDAJ210G071032064,#¡REF!
JDAJ210G071032073,#¡REF!
JDAJ210G071032203,#¡REF!
JDAJ210G071032464,#¡REF!
JDA00V11670024306,#¡REF!
JDA00V11670024316,#¡REF!
JDA00V11670024335,#¡REF!
JDA00V11670024421,#¡REF!
,#¡REF!
,#¡REF!
,#¡REF!
,#¡REF!
,#¡REF!
PRODUCCION ENERO 16 UNIDADES,#¡REF!
,#¡REF!
,#¡REF!
CHASIS,Concesionario
,#¡REF!
,#¡REF!
JDAJ210G071032733,#¡REF!
JDAJ210G071033005,#¡REF!
JDA00V11670024577,#¡REF!
JDAJ210G071033631,#¡REF!
JDAJ210G071033624,#¡REF!
JDAJ210G071033855,#¡REF!
JDAJ210G071034080,#¡REF!
JDAJ210G071034274,#¡REF!
JDAJ210G071034491,#¡REF!
JDAJ210G071034446,#¡REF!
JDAJ210G071033818,#¡REF!
JDAJ210G071034818,#¡REF!
JDAJ210G071034576,#¡REF!
JDA00V11670024709,#¡REF!
JDA00V11670024801,#¡REF!
JDA00V11670024810,#¡REF!
,#¡REF!
,#¡REF!
,#¡REF!
,#¡REF!
,#¡REF!
PRODUCCION FEBRERO 30 UNIDADES,#¡REF!
,#¡REF!
,#¡REF!
CHASIS,Concesionario
,#¡REF!
,#¡REF!
JDAJ210G071035476,#¡REF!
JDAJ210G071035478,#¡REF!
JDAJ210G071035626,#¡REF!
JDAJ210G071034912,#¡REF!
JDAJ210G071035380,#¡REF!
JDA00V11670024857,#¡REF!
JDA00V11670024911,#¡REF!
JDAJ200G071006688,#¡REF!
JDAJ200G071006700,#¡REF!
JDAJ200G071006705,#¡REF!
JDAJ200G071006801,#¡REF!
JDAJ200G071006895,#¡REF!
JDAJ200G071006958,#¡REF!
JDAJ200G071006983,#¡REF!
JDAJ200G071007000,#¡REF!
JDAJ200G071007012,#¡REF!
JDAJ200G071007050,#¡REF!
JDAJ200G071007084,#¡REF!
JDAJ200G071007094,#¡REF!
JDAJ200G071007095,#¡REF!
JDAJ200G071007115,#¡REF!
JDAJ200G071006757,#¡REF!
JDAJ200G071006965,#¡REF!
JDAJ200G071007082,#¡REF!
JDAJ200G071007125,#¡REF!
JDA00V57000022210,#¡REF!
JDA00V58000020464,#¡REF!
JDA00V58000020466,#¡REF!
JDA00V58000020468,#¡REF!
JDA00V58000020472,#¡REF!
,#¡REF!
,#¡REF!
,#¡REF!
,#¡REF!
PRODUCCION MARZO 38 UNIDADES,#¡REF!
,#¡REF!
,#¡REF!
,#¡REF!
CHASIS,Concesionario
,#¡REF!
,#¡REF!
JDAJ200G071007293,#¡REF!
JDAJ200G071007298,#¡REF!
JDA00V57000022220,#¡REF!
JDA00V58000020475,#¡REF!
JDAJ200G071007538,#¡REF!
JDAJ200G071007567,#¡REF!
JDAJ200G071007613,#¡REF!
JDAJ200G071007674,#¡REF!
JDAJ200G0710077557,#¡REF!
JDAJ200G071007753,#¡REF!
JDAJ210G071039977,#¡REF!
JDAJ210G071039985,#¡REF!
JDAJ210G071041090,#¡REF!
JDAJ210G071041122,#¡REF!
JDAJ210G071041284,#¡REF!
JDAJ210G071041408,#¡REF!
JDAJ210G071041816,#¡REF!
JDAJ210G071040376,#¡REF!
JDAJ210G071040475,#¡REF!
JDAJ210G071041139,#¡REF!
JDAJ210G071042038,#¡REF!
JDA00V57000022253,#¡REF!
JDA00V57000022252,#¡REF!
JDA00V58000020500,#¡REF!
JDA00V58000020521,#¡REF!
JDA00V58000020537,#¡REF!
JDA00V58000020542,#¡REF!
JDA00V58000020564,#¡REF!
JDA00V58000020573,#¡REF!
JDA00V58000020574,#¡REF!
JDA00V58000020578,#¡REF!
JDA00V11670025204,#¡REF!
JDA00V11670025239,#¡REF!
JDA00V11670025259,#¡REF!
JDA00V11670025244,#¡REF!
JDA00V11670025277,#¡REF!
JDA00V11670025295,#¡REF!
JDA00V11670025389,#¡REF!
,#¡REF!
,#¡REF!
,#¡REF!
,#¡REF!
,#¡REF!
PRODUCCION ABRIL 26 UNIDADES,#¡REF!
,#¡REF!
,#¡REF!
,#¡REF!
CHASIS,Concesionario
,#¡REF!
,#¡REF!
JDAJ200G071008221,#¡REF!
JDAJ200G071008257,#¡REF!
JDAJ200G071008272,#¡REF!
JDAJ200G071008308,#¡REF!
JDAJ200G071008345,#¡REF!
JDAJ200G071008382,#¡REF!
JDAJ200G071008429,#¡REF!
JDAJ200G071008471,#¡REF!
JDAJ200G071008495,#¡REF!
JDAJ200G071008528,#¡REF!
JDAJ210G071043362,#¡REF!
JDAJ210G071043399,#¡REF!
JDAJ210G071044014,#¡REF!
JDAJ210G071044115,#¡REF!
JDAJ210G071044284,#¡REF!
JDAJ210G071045395,#¡REF!
JDAJ210G071045813,#¡REF!
JDA00V57000022282,#¡REF!
JDA00V58000020637,#¡REF!
JDA00V58000020639,#¡REF!
JDA00V58000020643,#¡REF!
JDA00V58000020646,#¡REF!
JDA00V58000020647,#¡REF!
JDA00V11670025571,#¡REF!
JDA00V11670025740,#¡REF!
JDA00V11670025760,#¡REF!
,#¡REF!
,#¡REF!
,#¡REF!
,#¡REF!
PRODUCCION MAYO 22 UNIDADES,#¡REF!
,#¡REF!
,#¡REF!
,#¡REF!
CHASIS,Concesionario
,#¡REF!
,#¡REF!
JDAJ210G071046258,#¡REF!
JDA00V57000022284,#¡REF!
JDA00V57000022287,#¡REF!
JDA00V57000022291,#¡REF!
JDA00V57000022293,#¡REF!
JDA00V57000022294,#¡REF!
JDA00V57000022297,#¡REF!
JDA00V57000022299,#¡REF!
JDA00V57000022309,#¡REF!
JDA00V1160025936,#¡REF!
JDA00V11680025948,#¡REF!
JDA00V11680025951,#¡REF!
JDA00V11680025961,#¡REF!
JDA00V11680026016,#¡REF!
JDA00V11680026048,#¡REF!
JDA00V11680026054,#¡REF!
JDA00V11670025906,#¡REF!
JDA00V11670025913,#¡REF!
JDA00V11670025920,#¡REF!
JDA00V58000020648,#¡REF!
JDA00V58000020649,#¡REF!
JDA00V58000020650,#¡REF!
,#¡REF!
,#¡REF!
,#¡REF!
PRODUCCION JUNIO 40 UNIDADES,#¡REF!
,#¡REF!
,#¡REF!
,#¡REF!
CHASIS,Concesionario
,#¡REF!
,#¡REF!
JDA00V57000022318,#¡REF!
JDA00V57000022323,#¡REF!
JDA00V57000022325,#¡REF!
JDA00V57000022333,#¡REF!
JDA00V57000022335,#¡REF!
JDA00V57000022338,#¡REF!
JDA00V57000022340,#¡REF!
JDA00V57000022349,#¡REF!
JDA00V57000022359,#¡REF!
JDA00V57000022364,#¡REF!
JDA00V58000020828,#¡REF!
JDA00V58000020829,#¡REF!
JDA00V58000020830,#¡REF!
JDA00V58000020834,#¡REF!
JDA00V58000020839,#¡REF!
JDA00V58000020844,#¡REF!
JDA00V58000020845,#¡REF!
JDA00V58000020848,#¡REF!
JDA00V58000020849,#¡REF!
JDA00V11680026106,#¡REF!
JDA00V11680026132,#¡REF!
JDA00V11680026140,#¡REF!
JDA00V11680026146,#¡REF!
JDA00V11680026158,#¡REF!
JDA00V11680026166,#¡REF!
JDA00V11680026169,#¡REF!
JDA00V11680026185,#¡REF!
JDA00V11680026208,#¡REF!
JDA00V11680026240,#¡REF!
JDA00V11680026275,#¡REF!
JDA00V11680026287,#¡REF!
JDA00V11680026300,#¡REF!
JDA00V11680026340,#¡REF!
JDA00V11680026348,#¡REF!
JDA00V11680026356,#¡REF!
JDA00V11680026364,#¡REF!
JDA00V11680026380,#¡REF!
JDA00V11680026399,#¡REF!
JDA00V11680026413,#¡REF!
JDA00V11680026425,#¡REF!
,#¡REF!
,#¡REF!
,#¡REF!
,#¡REF!
PRODUCCION JULIO 74 UNIDADES,#¡REF!
,#¡REF!
,#¡REF!
,#¡REF!
CHASIS,Concesionario
,#¡REF!
,#¡REF!
JDAJ200G081010036,#¡REF!
JDAJ200G081010070,#¡REF!
JDAJ200G081010112,#¡REF!
JDAJ200G081010133,#¡REF!
JDAJ200G081010178,#¡REF!
JDAJ200G081010210,#¡REF!
JDAJ200G081010246,#¡REF!
JDAJ200G081010262,#¡REF!
JDAJ210G081052347,#¡REF!
JDAJ210G081052470,#¡REF!
JDAJ210G081052804,#¡REF!
JDAJ210G081053145,#¡REF!
JDAJ210G081053150,#¡REF!
JDAJ210G081052736,#¡REF!
JDAJ210G081052871,#¡REF!
JDAJ210G081053018,#¡REF!
JDAJ210G081053230,#¡REF!
JDA00V57000022380,#¡REF!
JDA00V57000022385,#¡REF!
JDA00V57000022397,#¡REF!
JDA00V57000022402,#¡REF!
JDA00V57000022403,#¡REF!
JDA00V57000022410,#¡REF!
JDA00V57000022413,#¡REF!
JDA00V58000020854,#¡REF!
JDA00V58000020855,#¡REF!
JDA00V58000020858,#¡REF!
JDA00V58000020859,#¡REF!
JDA00V58000020860,#¡REF!
JDA00V58000020862,#¡REF!
JDA00V58000020864,#¡REF!
JDA00V58000020867,#¡REF!
JDA00V58000020869,#¡REF!
JDA00V58000020870,#¡REF!
JDA00V58000020871,#¡REF!
JDA00V58000020876,#¡REF!
JDA00V58000020877,#¡REF!
JDA00V58000020880,#¡REF!
JDA00V58000020886,#¡REF!
JDA00V58000020887,#¡REF!
JDA00V58000020890,#¡REF!
JDA00V58000020891,#¡REF!
JDA00V58000020892,#¡REF!
JDA00V58000020894,#¡REF!
JDA00V58000020895,#¡REF!
JDA00V58000020896,#¡REF!
JDA00V58000020898,#¡REF!
JDA00V58000020900,#¡REF!
JDA00V58000020901,#¡REF!
JDA00V58000020903,#¡REF!
JDA00V58000020905,#¡REF!
JDA00V58000020912,#¡REF!
JDA00V58000020915,#¡REF!
JDA00V58000020917,#¡REF!
JDA00V58000020918,#¡REF!
JDA00V58000020920,#¡REF!
JDA00V58000020922,#¡REF!
JDA00V58000020930,#¡REF!
JDA00V58000020933,#¡REF!
JDA00V58000020939,#¡REF!
JDA00V58000020950,#¡REF!
JDA00V11680026440,#¡REF!
JDA00V11680026448,#¡REF!
JDA00V11680026457,#¡REF!
JDA00V11680026469,#¡REF!
JDA00V11680026485,#¡REF!
JDA00V11680026492,#¡REF!
JDA00V11680026495,#¡REF!
JDA00V11680026593,#¡REF!
JDA00V11680026643,#¡REF!
JDA00V11680026660,#¡REF!
JDA00V11680026678,#¡REF!
JDA00V11680026690,#¡REF!
JDA00V11680026697,#¡REF!
,#¡REF!
,#¡REF!
,#¡REF!
,#¡REF!
,#¡REF!
PRODUCCION AGOSTO 10 UNIDADES,#¡REF!
,#¡REF!
,#¡REF!
,#¡REF!
CHASIS,Concesionario
,#¡REF!
,#¡REF!
JDAJ200G081010947,#¡REF!
JDAJ200G081010960,#¡REF!
JDAJ210G081055763,#¡REF!
JDAJ210G081055797,#¡REF!
JDA00V57000022415,#¡REF!
JDA00V57000022417,#¡REF!
JDA00V57000022418,#¡REF!
JDA00V57000022419,#¡REF!
JDA00V58000020946,#¡REF!
JDA00V58000020977,#¡REF!
,#¡REF!
,#¡REF!
,#¡REF!
PRODUCCION AGOSTO 64 UNIDADES,#¡REF!
,#¡REF!
,#¡REF!
,#¡REF!
CHASIS,Concesionario
,#¡REF!
,#¡REF!
,#¡REF!
JDAJ200G081011005,#¡REF!
JDAJ200G081011034,#¡REF!
JDAJ200G081011047,#¡REF!
JDAJ200G081010997,#¡REF!
JDAJ200G081011003,#¡REF!
JDAJ200G081011062,#¡REF!
JDAJ210G081055941,#¡REF!
JDAJ210G081055974,#¡REF!
JDAJ210G081056251,#¡REF!
JDAJ210G081053488,#¡REF!
JDAJ210G081053574,#¡REF!
JDAJ210G081053593,#¡REF!
JDAJ210G081054502,#¡REF!
JDAJ210G081054517,#¡REF!
JDAJ210G081054657,#¡REF!
JDAJ210G081055632,#¡REF!
JDA00V57000022420,#¡REF!
JDA00V57000022421,#¡REF!
JDA00V57000022422,#¡REF!
JDA00V57000022423,#¡REF!
JDA00V57000022435,#¡REF!
JDA00V57000022451,#¡REF!
JDA00V57000022457,#¡REF!
JDA00V57000022466,#¡REF!
JDA00V57000022470,#¡REF!
JDA00V57000022475,#¡REF!
JDA00V57000022479,#¡REF!
JDA00V57000022480,#¡REF!
JDA00V57000022485,#¡REF!
JDA00V57000022494,#¡REF!
JDA00V58000021000,#¡REF!
JDA00V58000021001,#¡REF!
JDA00V58000021008,#¡REF!
JDA00V58000021020,#¡REF!
JDA00V58000021026,#¡REF!
JDA00V58000021035,#¡REF!
JDA00V58000021041,#¡REF!
JDA00V58000021048,#¡REF!
JDA00V58000021059,#¡REF!
JDA00V58000021061,#¡REF!
JDA00V58000021064,#¡REF!
JDA00V58000021069,#¡REF!
JDA00V58000021081,#¡REF!
JDA00V58000021088,#¡REF!
JDA00V58000021090,#¡REF!
JDA00V58000021106,#¡REF!
JDA00V58000021110,#¡REF!
JDA00V58000021112,#¡REF!
JDA00V58000021117,#¡REF!
JDA00V58000021119,#¡REF!
JDA00V11680026724,#¡REF!
JDA00V11680026733,#¡REF!
JDA00V11680026759,#¡REF!
JDA00V11680026819,#¡REF!
JDA00V11680026853,#¡REF!
JDA00V11680026913,#¡REF!
JDA00V11680026922,#¡REF!
JDA00V11680026943,#¡REF!
JDA00V11680026955,#¡REF!
JDA00V11680026957,#¡REF!
JDA00V11680026978,#¡REF!
JDA00V11680026993,#¡REF!
JDA00V11680027017,#¡REF!
JDA00V11680027064,#¡REF!
,#¡REF!
,#¡REF!
,#¡REF!
,#¡REF!
,#¡REF!
,#¡REF!
PRODUCCION SETIEMBRE  60 UNIDADES  ( 37 VEHICULOS ),#¡REF!
,#¡REF!
,#¡REF!
,#¡REF!
CHASIS,Concesionario
,#¡REF!
,#¡REF!
JDAJ100G081011450,#¡REF!
JDAJ200G081011702,#¡REF!
JDAJ200G081011355,#¡REF!
JDAJ210G081057356,#¡REF!
JDAJ210G081057508,#¡REF!
JDAJ210G081057621,#¡REF!
JDAJ210G081057754,#¡REF!
JDAJ210G081058146,#¡REF!
JDAJ210G081058310,#¡REF!
JDAJ210G081058407,#¡REF!
JDAJ210G081058497,#¡REF!
JDAJ210G081058853,#¡REF!
JDAJ210G081057402,#¡REF!
JDAJ210G081057555,#¡REF!
JDAJ210G081057663,#¡REF!
JDAJ210G081058509,#¡REF!
JDAJ210G081058618,#¡REF!
JDAJ210G081058729,#¡REF!
JDA00V57000022521,#¡REF!
JDA00V57000022523,#¡REF!
JDA00V57000022530,#¡REF!
JDA00V57000022532,#¡REF!
JDA00V57000022533,#¡REF!
JDA00V58000021144,#¡REF!
JDA00V58000021151,#¡REF!
JDA00V58000021153,#¡REF!
JDA00V58000021159,#¡REF!
JDA00V58000021160,#¡REF!
JDA00V58000021163,#¡REF!
JDA00V58000021167,#¡REF!
JDA00V58000021176,#¡REF!
JDA00V58000021178,#¡REF!
JDA00V58000021183,#¡REF!
JDA00V58000021184,#¡REF!
JDA00V11680027185,#¡REF!
JDA00V11680027234,#¡REF!
JDA00V11680027250,#¡REF!
,#¡REF!
,#¡REF!
,#¡REF!
,#¡REF!
PRODUCCION SETIEMBRE  60 UNIDADES  (23 VEHICULOS),#¡REF!
,#¡REF!
,#¡REF!
,#¡REF!
CHASIS,Concesionario
,#¡REF!
,#¡REF!
JDAJ200G081011783,#¡REF!
JDAJ200G081011763,#¡REF!
JDA00V57000022535,#¡REF!
JDA00V57000022540,#¡REF!
JDA00V57000022544,#¡REF!
JDA00V58000021193,#¡REF!
JDA00V58000021197,#¡REF!
JDA00V58000021198,#¡REF!
JDA00V58000021209,#¡REF!
JDA00V58000021213,#¡REF!
JDA00V58000021215,#¡REF!
JDA00V58000021217,#¡REF!
JDA00V58000021223,#¡REF!
JDA00V58000021227,#¡REF!
JDA00V58000021231,#¡REF!
JDA00V58000021232,#¡REF!
JDA00V58000021235,#¡REF!
JDA00V58000021238,#¡REF!
JDA00V58000021242,#¡REF!
JDA00V58000021249,#¡REF!
JDA00V58000021251,#¡REF!
JDA00V11680027311,#¡REF!
JDA00V11680027400,#¡REF!
,#¡REF!
,#¡REF!
,#¡REF!
PRODUCCION SETIEMBRE  10 UNIDADES (INDONESIA) TERIOS LONG,#¡REF!
,#¡REF!
,#¡REF!
,#¡REF!
CHASIS,Concesionario
,#¡REF!
,#¡REF!
MHKG2CN208K000051,#¡REF!
MHKG2CN208K000056,#¡REF!
MHKG2CN208K000055,#¡REF!
MHKG2CN208K000053,#¡REF!
MHKG2CN208K000052,#¡REF!
MHKG2CP208K000051,#¡REF!
MHKG2CP208K000056,#¡REF!
MHKG2CP208K000055,#¡REF!
MHKG2CP208K000053,#¡REF!
MHKG2CP208K000052,#¡REF!
,#¡REF!
,#¡REF!
,#¡REF!
,#¡REF!
PRODUCCION OCTUBRE  85 UNIDADES  (1ER. EMBARQUE 31 UNDS.),#¡REF!
,#¡REF!
,#¡REF!
,#¡REF!
,#¡REF!
CHASIS,Concesionario
,#¡REF!
,#¡REF!
JDAJ200G081012470,#¡REF!
JDAJ210G081061179,#¡REF!
JDAJ210G081061186,#¡REF!
JDAJ210G081061255,#¡REF!
JDAJ210G081061392,#¡REF!
JDAJ210G081061482,#¡REF!
JDAJ210G081061501,#¡REF!
JDA00V57000022556,#¡REF!
JDA00V57000022563,#¡REF!
JDA00V57000022566,#¡REF!
JDA00V57000022575,#¡REF!
JDA00V57000022578,#¡REF!
JDA00V58000021296,#¡REF!
JDA00V58000021304,#¡REF!
JDA00V58000021308,#¡REF!
JDA00V58000021313,#¡REF!
JDA00V58000021333,#¡REF!
JDA00V58000021336,#¡REF!
JDA00V58000021338,#¡REF!
JDA00V58000021340,#¡REF!
JDA00V58000021342,#¡REF!
JDA00V58000021348,#¡REF!
JDA00V11680027578,#¡REF!
JDA00V11680027596,#¡REF!
JDA00V11680027604,#¡REF!
JDA00V11680027611,#¡REF!
JDA00V11680027625,#¡REF!
JDA00V11680027631,#¡REF!
JDA00V11680027642,#¡REF!
JDA00V11680027652,#¡REF!
JDA00V11680027681,#¡REF!
,#¡REF!
,#¡REF!
,#¡REF!
,#¡REF!
,#¡REF!
,#¡REF!
,#¡REF!
"PRODUCCION OCTUBRE  85 UNIDADES  (2DO, EMBARQUE 34 UNDS.)",#¡REF!
,#¡REF!
,#¡REF!
,#¡REF!
CHASIS,Concesionario
,#¡REF!
,#¡REF!
JDAJ200G081012779,#¡REF!
JDAJ210G081061547,#¡REF!
JDAJ210G081061600,#¡REF!
JDAJ210G081061609,#¡REF!
JDAJ210G081061675,#¡REF!
JDAJ210G081061722,#¡REF!
JDAJ210G081061723,#¡REF!
JDAJ210G081061943,#¡REF!
JDA00V57000022583,#¡REF!
JDA00V57000022587,#¡REF!
JDA00V57000022590,#¡REF!
JDA00V57000022593,#¡REF!
JDA00V57000022594,#¡REF!
JDA00V58000021343,#¡REF!
JDA00V58000021358,#¡REF!
JDA00V58000021363,#¡REF!
JDA00V58000021371,#¡REF!
JDA00V58000021373,#¡REF!
JDA00V58000021374,#¡REF!
JDA00V58000021376,#¡REF!
JDA00V58000021383,#¡REF!
JDA00V58000021386,#¡REF!
JDA00V58000021400,#¡REF!
JDA00V11680027700,#¡REF!
JDA00V11680027706,#¡REF!
JDA00V11680027730,#¡REF!
JDA00V11680027736,#¡REF!
JDA00V11680027740,#¡REF!
JDA00V11680027756,#¡REF!
JDA00V11680027775,#¡REF!
JDA00V11680027784,#¡REF!
JDA00V11680027795,#¡REF!
JDA00V11680027815,#¡REF!
JDA00V11680027821,#¡REF!
,#¡REF!
,#¡REF!
,#¡REF!
,#¡REF!
,#¡REF!
,#¡REF!
,#¡REF!
"PRODUCCION OCTUBRE  20 UNIDADES  (3EER, EMBARQUE )",#¡REF!
,#¡REF!
,#¡REF!
,#¡REF!
CHASIS,Concesionario
,#¡REF!
,#¡REF!
JDAJ200G081013053,#¡REF!
JDAJ200G081013089,#¡REF!
JDAJ200G081013125,#¡REF!
JDAJ200G081013153,#¡REF!
JDAJ200G081012767,#¡REF!
JDAJ200G081012795,#¡REF!
JDAJ200G081012829,#¡REF!
JDAJ200G081012833,#¡REF!
JDAJ200G081012844,#¡REF!
JDAJ200G081012893,#¡REF!
JDAJ200G081012942,#¡REF!
JDAJ210G081063177,#¡REF!
JDAJ210G081063292,#¡REF!
JDAJ210G081063376,#¡REF!
JDAJ210G081063416,#¡REF!
JDAJ210G081063476,#¡REF!
JDAJ210G081063567,#¡REF!
JDAJ210G081063582,#¡REF!
JDAJ210G081063621,#¡REF!
JDAJ210G081063639,#¡REF!
,#¡REF!
,#¡REF!
,#¡REF!
,#¡REF!
,#¡REF!
PRODUCCION OCTUBRE  03 UNIDADES ( INDONESIA ),#¡REF!
,#¡REF!
,#¡REF!
,#¡REF!
CHASIS,Concesionario
,#¡REF!
,#¡REF!
MHKG2CP208K000063,#¡REF!
MHKG2CN208K000078,#¡REF!
MHKG2CN208K000072,#¡REF!
,#¡REF!
,#¡REF!
,#¡REF!
,#¡REF!
PRODUCCION OCTUBRE  01 UNIDADES ( INDONESIA ),#¡REF!
,#¡REF!
,#¡REF!
,#¡REF!
CHASIS,Concesionario
,#¡REF!
,#¡REF!
MHKG2CP208K000072,#¡REF!
,#¡REF!
,#¡REF!
,#¡REF!
,#¡REF!
,#¡REF!
,#¡REF!
,#¡REF!
,#¡REF!
"PRODUCCION NOVIEMBRE  73 UNIDADES  (1ER, EMBARQUE )",#¡REF!
,#¡REF!
,#¡REF!
,#¡REF!
CHASIS,Concesionario
,#¡REF!
,#¡REF!
JDA00V58000021406,#¡REF!
JDA00V58000021411,#¡REF!
JDA00V58000021413,#¡REF!
JDA00V58000021415,#¡REF!
JDA00V58000021418,#¡REF!
JDA00V58000021420,#¡REF!
JDA00V58000021423,#¡REF!
JDA00V58000021425,#¡REF!
JDA00V58000021427,#¡REF!
JDA00V58000021431,#¡REF!
JDA00V58000021433,#¡REF!
JDA00V58000021435,#¡REF!
JDA00V58000021436,#¡REF!
JDA00V58000021437,#¡REF!
JDA00V58000021440,#¡REF!
JDA00V58000021441,#¡REF!
JDA00V58000021446,#¡REF!
JDA00V58000021447,#¡REF!
JDA00V58000021448,#¡REF!
JDA00V58000021451,#¡REF!
JDA00V58000021453,#¡REF!
JDA00V58000021454,#¡REF!
JDA00V58000021455,#¡REF!
JDA00V58000021457,#¡REF!
JDA00V58000021458,#¡REF!
JDA00V58000021459,#¡REF!
JDA00V58000021460,#¡REF!
JDA00V58000021461,#¡REF!
JDA00V58000021462,#¡REF!
JDA00V58000021464,#¡REF!
JDA00V58000021466,#¡REF!
JDA00V58000021468,#¡REF!
JDA00V58000021472,#¡REF!
JDA00V58000021479,#¡REF!
JDA00V58000021480,#¡REF!
JDA00V58000021483,#¡REF!
JDA00V58000021484,#¡REF!
JDA00V58000021491,#¡REF!
JDA00V58000021493,#¡REF!
JDA00V58000021494,#¡REF!
JDA00V58000021495,#¡REF!
JDA00V58000021498,#¡REF!
JDA00V58000021499,#¡REF!
JDA00V58000021500,#¡REF!
JDA00V58000021505,#¡REF!
JDA00V58000021506,#¡REF!
JDA00V58000021508,#¡REF!
JDA00V58000021509,#¡REF!
JDA00V58000021514,#¡REF!
JDA00V58000021515,#¡REF!
JDA00V58000021517,#¡REF!
JDA00V58000021518,#¡REF!
JDA00V58000021520,#¡REF!
JDA00V58000021523,#¡REF!
JDA00V58000021526,#¡REF!
JDA00V58000021527,#¡REF!
JDA00V58000021528,#¡REF!
JDA00V58000021531,#¡REF!
JDA00V58000021532,#¡REF!
JDA00V58000021533,#¡REF!
JDA00V58000021535,#¡REF!
JDA00V58000021536,#¡REF!
JDA00V58000021538,#¡REF!
JDA00V58000021539,#¡REF!
JDA00V58000021544,#¡REF!
JDA00V58000021546,#¡REF!
JDA00V58000021548,#¡REF!
JDA00V58000021549,#¡REF!
JDA00V58000021550,#¡REF!
JDA00V58000021551,#¡REF!
JDA00V58000021553,#¡REF!
JDA00V58000021554,#¡REF!
JDA00V58000021559,#¡REF!
,#¡REF!
,#¡REF!
,#¡REF!
,#¡REF!
,#¡REF!
,#¡REF!
"PRODUCCION NOVIEMBRE  25 UNIDADES  (2DO, EMBARQUE )",#¡REF!
,#¡REF!
,#¡REF!
,#¡REF!
CHASIS,Concesionario
,#¡REF!
,#¡REF!
JDA00V57000022597,#¡REF!
JDA00V57000022598,#¡REF!
JDA00V57000022600,#¡REF!
JDA00V57000022604,#¡REF!
JDA00V57000022607,#¡REF!
JDA00V57000022610,#¡REF!
JDA00V57000022619,#¡REF!
JDA00V57000022623,#¡REF!
JDA00V57000022625,#¡REF!
JDA00V57000022628,#¡REF!
JDA00V57000022629,#¡REF!
JDA00V57000022633,#¡REF!
JDA00V57000022635,#¡REF!
JDA00V57000022638,#¡REF!
JDA00V57000022641,#¡REF!
JDA00V57000022644,#¡REF!
JDA00V57000022645,#¡REF!
JDA00V57000022649,#¡REF!
JDA00V57000022654,#¡REF!
JDA00V57000022655,#¡REF!
JDA00V57000022660,#¡REF!
JDA00V57000022661,#¡REF!
JDA00V57000022663,#¡REF!
JDA00V57000022668,#¡REF!
JDA00V57000022669,#¡REF!
,#¡REF!
,#¡REF!
,#¡REF!
,#¡REF!
PRODUCCION NOVIEMBRE  17 UNIDADES  (4to. EMBARQUE ),#¡REF!
,#¡REF!
,#¡REF!
,#¡REF!
,#¡REF!
CHASIS,Concesionario
,#¡REF!
,#¡REF!
JDA00V58000021552,#¡REF!
JDA00V58000021557,#¡REF!
JDA00V58000021560,#¡REF!
JDA00V58000021563,#¡REF!
JDA00V58000021565,#¡REF!
JDA00V58000021568,#¡REF!
JDA00V58000021569,#¡REF!
JDA00V58000021570,#¡REF!
JDA00V58000021571,#¡REF!
JDA00V58000021572,#¡REF!
JDA00V58000021575,#¡REF!
JDA00V58000021577,#¡REF!
JDA00V58000021579,#¡REF!
JDA00V58000021580,#¡REF!
JDA00V58000021581,#¡REF!
JDA00V58000021582,#¡REF!
JDA00V58000021583,#¡REF!
,#¡REF!
,#¡REF!
,#¡REF!
,#¡REF!
,#¡REF!
,#¡REF!
,#¡REF!
"PRODUCCION NOVIEMBRE  05 UNIDADES  (3er, EMBARQUE )",#¡REF!
,#¡REF!
,#¡REF!
,#¡REF!
CHASIS,Concesionario
,#¡REF!
,#¡REF!
JDA00V57000022670,#¡REF!
JDA00V57000022671,#¡REF!
JDA00V57000022673,#¡REF!
JDA00V57000022674,#¡REF!
JDA00V57000022676,#¡REF!
,#¡REF!
,#¡REF!
,#¡REF!
PRODUCCION NOVIEMBRE  04 UNIDADES  (INDONESIA),#¡REF!
,#¡REF!
,#¡REF!
,#¡REF!
CHASIS,Concesionario
,#¡REF!
,#¡REF!
MHKG2CP208K000094,#¡REF!
MHKG2CN208K000089,#¡REF!
MHKG2CN208K000095,#¡REF!
MHKG2CP208K000084,#¡REF!
,#¡REF!
,#¡REF!
,#¡REF!
,#¡REF!
PRODUCCION DICIEMBRE  02 UNIDADES (1ER. PARCIAL)  INDONESIA,#¡REF!
,#¡REF!
,#¡REF!
,#¡REF!
CHASIS,Concesionario
,#¡REF!
,#¡REF!
MHKG2CN208K000103,#¡REF!
MHKG2CP408K000515,#¡REF!
,#¡REF!
,#¡REF!
,#¡REF!
,#¡REF!
"PRODUCCION DICIEMBRE  09 UNIDADES  (1ER, EMBARQUE )",#¡REF!
,#¡REF!
,#¡REF!
,#¡REF!
CHASIS,Concesionario
,#¡REF!
,#¡REF!
JDAJ200G081013425,#¡REF!
JDAJ200G081013707,#¡REF!
JDAJ200G081013866,#¡REF!
JDAJ200G081013979,#¡REF!
JDAJ200G081013982,#¡REF!
JDAJ200G081014059,#¡REF!
JDA00V11680028292,#¡REF!
JDA00V11680028306,#¡REF!
JDA00V11680028314,#¡REF!
,#¡REF!
,#¡REF!
,#¡REF!
,#¡REF!
,#¡REF!
,#¡REF!
"PRODUCCION DICIEMBRE  16 UNIDADES  (2DO, EMBARQUE )",#¡REF!
,#¡REF!
,#¡REF!
,#¡REF!
CHASIS,Concesionario
,#¡REF!
,#¡REF!
JDAJ200G081014317,#¡REF!
JDAJ200G081014174,#¡REF!
JDAJ210G081068075,#¡REF!
JDAJ210G081068312,#¡REF!
JDAJ210G081068511,#¡REF!
JDAJ210G081068523,#¡REF!
JDAJ210G081068683,#¡REF!
JDAJ210G081068692,#¡REF!
JDAJ210G081068885,#¡REF!
JDA00V11680028363,#¡REF!
JDA00V11680028408,#¡REF!
JDA00V11680028417,#¡REF!
JDA00V11680028432,#¡REF!
JDA00V11680028440,#¡REF!
JDA00V11680028454,#¡REF!
JDA00V11680028457,#¡REF!
,#¡REF!
,#¡REF!
,#¡REF!
,#¡REF!
,#¡REF!
PRODUCCION DICIEMBRE  02 UNIDADES (INDONESIA) 2DO. PARCIAL,#¡REF!
,#¡REF!
,#¡REF!
,#¡REF!
CHASIS,Concesionario
,#¡REF!
,#¡REF!
MHKG2CP408K000545,#¡REF!
MHKG2CN208K000106,#¡REF!
,#¡REF!
,#¡REF!
,#¡REF!
,#¡REF!
PRODUCCION ENERO   05 UNIDADES (INDONESIA) ,#¡REF!
,#¡REF!
,#¡REF!
,#¡REF!
CHASIS,Concesionario
,#¡REF!
,#¡REF!
MHKG2CN208K000118,#¡REF!
MHKG2CN208K000112,#¡REF!
MHKG2CP408K000576,#¡REF!
MHKG2CP408K000557,#¡REF!
MHKG2CN208K000125,#¡REF!
,#¡REF!
,#¡REF!
,#¡REF!
PRODUCCION DICIEMBRE  25 UNIDADES  (3ER. PARCIAL),#¡REF!
,#¡REF!
,#¡REF!
,#¡REF!
CHASIS,Concesionario
,#¡REF!
,#¡REF!
JDA00V11680028462,#¡REF!
JDA00V11680028534,#¡REF!
JDA00V11680028540,#¡REF!
JDA00V11680028552,#¡REF!
JDA00V11680028566,#¡REF!
JDA00V11680028573,#¡REF!
JDA00V11680028584,#¡REF!
JDA00V11680028592,#¡REF!
JDA00V11680028600,#¡REF!
JDA00V11680028606,#¡REF!
JDA00V11680028608,#¡REF!
JDA00V11680028609,#¡REF!
JDA00V11680028610,#¡REF!
JDA00V11680028625,#¡REF!
JDA00V11680028636,#¡REF!
JDA00V11680028642,#¡REF!
JDA00V11680028654,#¡REF!
JDA00V11680028655,#¡REF!
JDA00V11680028658,#¡REF!
JDA00V11680028671,#¡REF!
JDA00V11880028253,#¡REF!
JDA00V11880028254,#¡REF!
JDA00V11880028265,#¡REF!
JDA00V11880028266,#¡REF!
JDA00V11880028277,#¡REF!
,#¡REF!
,#¡REF!
,#¡REF!
,#¡REF!
,#¡REF!
PRODUCCION DICIEMBRE  15 UNIDADES  (4TO. PARCIAL),#¡REF!
,#¡REF!
,#¡REF!
,#¡REF!
CHASIS,Concesionario
,#¡REF!
,#¡REF!
JDA00V11680028688,#¡REF!
JDA00V11680028698,#¡REF!
JDA00V11680028703,#¡REF!
JDA00V11680028705,#¡REF!
JDA00V11680028713,#¡REF!
JDA00V11680028731,#¡REF!
JDA00V11680028741,#¡REF!
JDA00V11680028744,#¡REF!
JDA00V11680028745,#¡REF!
JDA00V11680028749,#¡REF!
JDA00V11680028759,#¡REF!
JDA00V11680028774,#¡REF!
JDA00V11680028780,#¡REF!
JDA00V11680028788,#¡REF!
JDA00V11680028790,#¡REF!
,#¡REF!
,#¡REF!
,#¡REF!
,#¡REF!
,#¡REF!
,#¡REF!
,#¡REF!
,#¡REF!
"PRODUCCION ENERO   16 UNIDADES ( 1ER, PARCIAL )",#¡REF!
,#¡REF!
,#¡REF!
,#¡REF!
CHASIS,Concesionario
,#¡REF!
,#¡REF!
JDAJ200G081014592,#¡REF!
JDAJ200G081014627,#¡REF!
JDAJ200G081014673,#¡REF!
JDAJ200G081014674,#¡REF!
JDAJ200G081014689,#¡REF!
JDAJ200G081014768,#¡REF!
JDAJ200G081014465,#¡REF!
JDAJ200G081014748,#¡REF!
JDAJ200G081014814,#¡REF!
JDA00V11680028477,#¡REF!
JDA00V11680028503,#¡REF!
JDA00V11680028553,#¡REF!
JDA00V11680028585,#¡REF!
JDA00V11680028628,#¡REF!
JDA00V11680028660,#¡REF!
JDA00V11880028357,#¡REF!
,#¡REF!
,#¡REF!
,#¡REF!
,#¡REF!
,#¡REF!
,#¡REF!
PRODUCCION ENERO   14 UNIDADES  (2do. Parcial),#¡REF!
,#¡REF!
,#¡REF!
,#¡REF!
CHASIS,Concesionario
,#¡REF!
,#¡REF!
JDAJ200G081015038,#¡REF!
JDAJ200G081015089,#¡REF!
JDAJ200G081015159,#¡REF!
JDAJ200G081015174,#¡REF!
JDAJ200G081015054,#¡REF!
JDAJ200G081015286,#¡REF!
JDAJ210G081071289,#¡REF!
JDAJ210G081071611,#¡REF!
JDAJ210G081071672,#¡REF!
JDAJ210G081072003,#¡REF!
JDAJ210G081071742,#¡REF!
JDA00V11680028714,#¡REF!
JDA00V11680028750,#¡REF!
JDA00V11880028420,#¡REF!
,#¡REF!
,#¡REF!
,#¡REF!
 ,#¡REF!
,#¡REF!
,#¡REF!
"PRODUCCION FEBRERO   34 UNIDADES  (1ER, PARCIAL ) CARGA SE QUEDO EN ENAPU",#¡REF!
,#¡REF!
,#¡REF!
,#¡REF!
CHASIS,Concesionario
,#¡REF!
,#¡REF!
JDAJ200G081015336,#¡REF!
JDAJ200G081015473,#¡REF!
JDAJ200G081015595,#¡REF!
JDAJ200G081015349,#¡REF!
JDAJ200G081015359,#¡REF!
JDAJ200G081015471,#¡REF!
JDAJ200G081015479,#¡REF!
JDAJ200G081015554,#¡REF!
JDAJ210G081073901,#¡REF!
JDA00V11680028795,#¡REF!
JDA00V11680028799,#¡REF!
JDA00V11680028801,#¡REF!
JDA00V11680028804,#¡REF!
JDA00V11680028810,#¡REF!
JDA00V11680028816,#¡REF!
JDA00V11680028819,#¡REF!
JDA00V11680028820,#¡REF!
JDA00V11680028830,#¡REF!
JDA00V11680028832,#¡REF!
JDA00V11680028833,#¡REF!
JDA00V11680028834,#¡REF!
JDA00V11680028835,#¡REF!
JDA00V11680028838,#¡REF!
JDA00V11680028844,#¡REF!
JDA00V11680028848,#¡REF!
JDA00V11680028852,#¡REF!
JDA00V11680028855,#¡REF!
JDA00V11680028865,#¡REF!
JDA00V11680028867,#¡REF!
JDA00V11680028877,#¡REF!
JDA00V11680028885,#¡REF!
JDA00V11680028886,#¡REF!
JDA00V11680028887,#¡REF!
JDA00V11680028888,#¡REF!
,#¡REF!
,#¡REF!
,#¡REF!
,#¡REF!
,#¡REF!
,#¡REF!
"PRODUCCION FEBRERO   16 UNIDADES  (2DO, PARCIAL )",#¡REF!
,#¡REF!
,#¡REF!
,#¡REF!
CHASIS,Concesionario
,#¡REF!
,#¡REF!
JDAJ200G081015794,#¡REF!
JDAJ200G081015861,#¡REF!
JDAJ200G081015958,#¡REF!
JDAJ200G081016008,#¡REF!
JDAJ200G081016029,#¡REF!
JDAJ200G081015877,#¡REF!
JDAJ210G081074690,#¡REF!
JDAJ210G081074692,#¡REF!
JDAJ210G081074713,#¡REF!
JDAJ210G081074753,#¡REF!
JDAJ210G081074860,#¡REF!
JDAJ210G081074936,#¡REF!
JDAJ210G081075130,#¡REF!
JDAJ210G081075247,#¡REF!
JDAJ210G081074438,#¡REF!
JDAJ210G081074956,#¡REF!
,#¡REF!
,#¡REF!
,#¡REF!
,#¡REF!
,#¡REF!
,#¡REF!
"PRODUCCION FEBRERO   45 UNIDADES  (3ER,, PARCIAL )",#¡REF!
,#¡REF!
,#¡REF!
,#¡REF!
CHASIS,Concesionario
,#¡REF!
,#¡REF!
JDA00V11680029177,#¡REF!
JDA00V11680029180,#¡REF!
JDA00V11680029184,#¡REF!
JDA00V11680029185,#¡REF!
JDA00V11680029196,#¡REF!
JDA00V11680029201,#¡REF!
JDA00V11680029203,#¡REF!
JDA00V11680029215,#¡REF!
JDA00V11680029221,#¡REF!
JDA00V11680029223,#¡REF!
JDA00V11680029224,#¡REF!
JDA00V11680029232,#¡REF!
JDA00V11680029234,#¡REF!
JDA00V11680029236,#¡REF!
JDA00V11680029243,#¡REF!
JDA00V11680029244,#¡REF!
JDA00V11680029246,#¡REF!
JDA00V11680029248,#¡REF!
JDA00V11680029250,#¡REF!
JDA00V11680029251,#¡REF!
JDA00V11680029255,#¡REF!
JDA00V11680029260,#¡REF!
JDA00V11680029263,#¡REF!
JDA00V11680029266,#¡REF!
JDA00V11680029267,#¡REF!
JDA00V11680029270,#¡REF!
JDA00V11680029274,#¡REF!
JDA00V11680029278,#¡REF!
JDA00V11680029281,#¡REF!
JDA00V11680029282,#¡REF!
JDA00V11680029283,#¡REF!
JDA00V11680029289,#¡REF!
JDA00V11680029293,#¡REF!
JDA00V11680029296,#¡REF!
JDA00V11680029306,#¡REF!
JDA00V11680029308,#¡REF!
JDA00V11680029315,#¡REF!
JDA00V11680029317,#¡REF!
JDA00V11680029324,#¡REF!
JDA00V11680029332,#¡REF!
JDA00V11680029339,#¡REF!
JDA00V11680029343,#¡REF!
JDA00V11680029349,#¡REF!
JDA00V11680029355,#¡REF!
JDA00V11680029358,#¡REF!
,#¡REF!
,#¡REF!
,#¡REF!
,#¡REF!
PRODUCCION FEBRERO   04 UNIDADES (INDONESIA),#¡REF!
,#¡REF!
,#¡REF!
,#¡REF!
CHASIS,Concesionario
,#¡REF!
,#¡REF!
MHKG2CN208K000132,#¡REF!
MHKG2CN208K000142,#¡REF!
MHKG2CP208K000136,#¡REF!
MHKG2CP208K000144,#¡REF!
,#¡REF!
,#¡REF!
,#¡REF!
,#¡REF!
,#¡REF!
"PRODUCCION MARZO   39 UNIDADES  (1ER, PARCIAL )",#¡REF!
,#¡REF!
,#¡REF!
,#¡REF!
CHASIS,Concesionario
,#¡REF!
,#¡REF!
JDAJ200G081016263,#¡REF!
JDAJ200G081016317,#¡REF!
JDAJ200G081016330,#¡REF!
JDAJ200G081016339,#¡REF!
JDAJ200G081016371,#¡REF!
JDAJ200G081016380,#¡REF!
JDAJ200G081016396,#¡REF!
JDAJ200G081016400,#¡REF!
JDAJ200G081016429,#¡REF!
JDAJ200G081016441,#¡REF!
JDAJ200G081016195,#¡REF!
JDAJ200G081016264,#¡REF!
JDAJ200G081016347,#¡REF!
JDAJ200G081016382,#¡REF!
JDAJ200G081016474,#¡REF!
JDAJ210G081076548,#¡REF!
JDAJ210G081076744,#¡REF!
JDAJ210G081076852,#¡REF!
JDAJ210G081076865,#¡REF!
JDAJ210G081076901,#¡REF!
JDAJ210G081077272,#¡REF!
JDAJ210G081077305,#¡REF!
JDAJ210G081077591,#¡REF!
JDAJ210G081077651,#¡REF!
JDAJ210G081077705,#¡REF!
JDAJ210G081077711,#¡REF!
JDAJ210G081077768,#¡REF!
JDAJ210G081077808,#¡REF!
JDAJ210G081077809,#¡REF!
JDAJ210G081077927,#¡REF!
JDAJ210G081078021,#¡REF!
JDAJ210G081078242,#¡REF!
JDA00V11680029365,#¡REF!
JDA00V11680029373,#¡REF!
JDA00V11680029376,#¡REF!
JDA00V11680029378,#¡REF!
JDA00V11680029388,#¡REF!
JDA00V11680029392,#¡REF!
JDA00V11680029401,#¡REF!
,#¡REF!
,#¡REF!
,#¡REF!
,#¡REF!
,#¡REF!
,#¡REF!
,#¡REF!
"PRODUCCION MARZO   10 UNIDADES  (2DO, PARCIAL )",#¡REF!
,#¡REF!
,#¡REF!
,#¡REF!
CHASIS,Concesionario
,#¡REF!
,#¡REF!
JDAJ200G081016485,#¡REF!
JDAJ200G081016509,#¡REF!
JDAJ200G081016484,#¡REF!
JDAJ210G081078676,#¡REF!
JDAJ210G081078844,#¡REF!
JDAJ210G081078365,#¡REF!
JDAJ210G081078452,#¡REF!
JDAJ210G081078873,#¡REF!
JDA00V11680029437,#¡REF!
JDA00V11680029465,#¡REF!
,#¡REF!
,#¡REF!
,#¡REF!
,#¡REF!
,#¡REF!
,#¡REF!
PRODUCCION MARZO   11 UNIDADES (INDONESIA ),#¡REF!
,#¡REF!
,#¡REF!
,#¡REF!
CHASIS,Concesionario
,#¡REF!
,#¡REF!
MHKG2CN208K000149,#¡REF!
MHKG2CN208K000153,#¡REF!
MHKG2CN208K000158,#¡REF!
MHKG2CN208K000162,#¡REF!
MHKG2CP208K000151,#¡REF!
MHKG2CP208K000154,#¡REF!
MHKG2CP208K000159,#¡REF!
MHKG2CP208K000162,#¡REF!
MHKG2CP208K000684,#¡REF!
MHKG2CP208K000688,#¡REF!
MHKG2CP208K000723,#¡REF!
,#¡REF!
,#¡REF!
,#¡REF!
,#¡REF!
"PRODUCCION ABRIL 01 UNIDAD (INDONESIA) 1ER, PARCIAL",#¡REF!
,#¡REF!
,#¡REF!
,#¡REF!
CHASIS,Concesionario
,#¡REF!
,#¡REF!
MHKG2CN208K000169,#¡REF!
,#¡REF!
,#¡REF!
,#¡REF!
,#¡REF!
,#¡REF!
PRODUCCION ABRIL 09 UNIDADES (2DO. PARCIAL) INDONESIA,#¡REF!
,#¡REF!
,#¡REF!
,#¡REF!
CHASIS,Concesionario
,#¡REF!
,#¡REF!
MHKG2CN208K000166,#¡REF!
MHKG2CN208K000172,#¡REF!
MHKG2CN208K000175,#¡REF!
MHKG2CN208K000178,#¡REF!
MHKG2CN208K000181,#¡REF!
MHKG2CP208K000168,#¡REF!
MHKG2CP208K000172,#¡REF!
MHKG2CP408K000729,#¡REF!
MHKG2CP408K000773,#¡REF!
,#¡REF!
,#¡REF!
,#¡REF!
,#¡REF!
PRODUCCION ABRIL 03 UNIDADES (3ER. PARCIAL) INDONESIA,#¡REF!
,#¡REF!
,#¡REF!
,#¡REF!
CHASIS,Concesionario
,#¡REF!
,#¡REF!
MHKG2CP208K000177,#¡REF!
MHKG2CP208K000777,#¡REF!
MHKG2CP208K000811,#¡REF!
,#¡REF!
,#¡REF!
,#¡REF!
,#¡REF!
,#¡REF!
,#¡REF!
,#¡REF!
"PRODUCCION ABRIL 41 UNIDADES (1ER,PARCIAL)",#¡REF!
,#¡REF!
,#¡REF!
,#¡REF!
CHASIS,Concesionario
,#¡REF!
,#¡REF!
JDAJ200G081016606,#¡REF!
JDAJ200G081016623,#¡REF!
JDAJ200G081016801,#¡REF!
JDAJ200G081016810,#¡REF!
JDAJ200G081016817,#¡REF!
JDAJ200G081016842,#¡REF!
JDAJ200G081016858,#¡REF!
JDAJ200G081016867,#¡REF!
JDAJ200G081016868,#¡REF!
JDAJ200G081016887,#¡REF!
JDAJ200G081016898,#¡REF!
JDAJ200G081016906,#¡REF!
JDAJ200G081016924,#¡REF!
JDAJ200G081016937,#¡REF!
JDAJ200G081016949,#¡REF!
JDAJ200G081016726,#¡REF!
JDAJ200G081016871,#¡REF!
JDAJ200G081016912,#¡REF!
JDAJ200G081016932,#¡REF!
JDAJ210G081079861,#¡REF!
JDAJ210G081080156,#¡REF!
JDAJ210G081080201,#¡REF!
JDAJ210G081080330,#¡REF!
JDAJ210G081080359,#¡REF!
JDAJ210G081080363,#¡REF!
JDAJ210G081080380,#¡REF!
JDAJ210G081080547,#¡REF!
JDAJ210G081080567,#¡REF!
JDAJ210G081080720,#¡REF!
JDAJ210G081080798,#¡REF!
JDAJ210G081080809,#¡REF!
JDAJ210G081080873,#¡REF!
JDAJ210G081080991,#¡REF!
JDAJ210G081081096,#¡REF!
JDAJ210G081081155,#¡REF!
JDAJ210G081081181,#¡REF!
JDAJ210G081081229,#¡REF!
JDAJ210G081081282,#¡REF!
JDAJ210G081080301,#¡REF!
JDAJ210G081080659,#¡REF!
JDAJ210G081081013,#¡REF!
,#¡REF!
,#¡REF!
,#¡REF!
,#¡REF!
PRODUCCION ABRIL 26 UNIDADES (2do. PARCIAL),#¡REF!
,#¡REF!
,#¡REF!
,#¡REF!
CHASIS,Concesionario
,#¡REF!
,#¡REF!
JDA00V11680029505,#¡REF!
JDA00V11680029521,#¡REF!
JDA00V11680029527,#¡REF!
JDA00V11680029533,#¡REF!
JDA00V11680029550,#¡REF!
JDA00V11680029557,#¡REF!
JDA00V11680029564,#¡REF!
JDA00V11680029573,#¡REF!
JDA00V11680029580,#¡REF!
JDA00V11680029587,#¡REF!
JDA00V11680029601,#¡REF!
JDA00V11680029604,#¡REF!
JDA00V11680029605,#¡REF!
JDA00V11680029606,#¡REF!
JDA00V11680029633,#¡REF!
JDA00V11680029640,#¡REF!
JDA00V11680029664,#¡REF!
JDA00V11680029680,#¡REF!
JDA00V11680029706,#¡REF!
JDA00V11680029726,#¡REF!
JDA00V11680029734,#¡REF!
JDA00V11680029741,#¡REF!
JDA00V11680029750,#¡REF!
JDA00V11680029758,#¡REF!
JDA00V11680029766,#¡REF!
JDA00V11680029772,#¡REF!
,#¡REF!
,#¡REF!
,#¡REF!
,#¡REF!
,#¡REF!
,#¡REF!
PRODUCCION ABRIL 09 UNIDADES (3er. PARCIAL),#¡REF!
,#¡REF!
,#¡REF!
,#¡REF!
CHASIS,Concesionario
,#¡REF!
,#¡REF!
JDA00V11680029774,#¡REF!
JDA00V11680029782,#¡REF!
JDA00V11680029788,#¡REF!
JDA00V11680029793,#¡REF!
JDA00V11680029796,#¡REF!
JDA00V11680029802,#¡REF!
JDA00V11680029817,#¡REF!
JDA00V11680029820,#¡REF!
JDA00V11680029831,#¡REF!
,#¡REF!
,#¡REF!
,#¡REF!
,#¡REF!
,#¡REF!
PRODUCCION ABRIL 09 UNIDADES (4to. PARCIAL),#¡REF!
,#¡REF!
,#¡REF!
,#¡REF!
CHASIS,Concesionario
,#¡REF!
,#¡REF!
JDAJ200G081016969,#¡REF!
JDAJ200G081017056,#¡REF!
JDAJ210G081081414,#¡REF!
JDAJ210G081081457,#¡REF!
JDAJ210G081081463,#¡REF!
JDAJ210G081081578,#¡REF!
JDAJ210G081081860,#¡REF!
JDAJ210G081081637,#¡REF!
JDAJ210G081081832,#¡REF!
,#¡REF!
,#¡REF!
,#¡REF!
"PRODUCCION MAYO 02 UNIDADES (1ER, PARCIAL) INDONESIA",#¡REF!
,#¡REF!
,#¡REF!
,#¡REF!
CHASIS,Concesionario
,#¡REF!
,#¡REF!
MHKG2CN208K000184,#¡REF!
MHKG2CP208K000814,#¡REF!
,#¡REF!
,#¡REF!
,#¡REF!
"PRODUCCION MAYO 05 UNIDADES (2DO, PARCIAL) INDONESIA",#¡REF!
,#¡REF!
,#¡REF!
,#¡REF!
CHASIS,Concesionario
,#¡REF!
,#¡REF!
MHKG2CN208K000191,#¡REF!
MHKG2CN208K000196,#¡REF!
MHKG2CN208K000201,#¡REF!
MHKG2CN208K000207,#¡REF!
MHKG2CP408K000815,#¡REF!
,#¡REF!
,#¡REF!
,#¡REF!
,#¡REF!
,#¡REF!
,#¡REF!
PRODUCCION MAYO 18 UNIDADES (1ER.. PARCIAL) ,#¡REF!
,#¡REF!
,#¡REF!
,#¡REF!
CHASIS,Concesionario
,#¡REF!
,#¡REF!
JDAJ200G091017219,#¡REF!
JDAJ200G091017251,#¡REF!
JDAJ200G091017275,#¡REF!
JDAJ200G091017328,#¡REF!
JDAJ200G091017076,#¡REF!
JDAJ200G091017168,#¡REF!
JDAJ200G091017255,#¡REF!
JDAJ210G091082575,#¡REF!
JDAJ210G091082789,#¡REF!
JDAJ210G091082826,#¡REF!
JDAJ210G091082831,#¡REF!
JDAJ210G091082853,#¡REF!
JDAJ210G091082974,#¡REF!
JDAJ210G091083054,#¡REF!
JDAJ210G091083098,#¡REF!
JDAJ210G091083277,#¡REF!
JDAJ210G091083325,#¡REF!
JDAJ210G091083234,#¡REF!
,#¡REF!
,#¡REF!
,#¡REF!
,#¡REF!
,#¡REF!
PRODUCCION MAYO 22 UNIDADES (2do. PARCIAL) ,#¡REF!
,#¡REF!
,#¡REF!
,#¡REF!
CHASIS,Concesionario
,#¡REF!
,#¡REF!
JDAJ200G091017417,#¡REF!
JDAJ200G091017486,#¡REF!
JDAJ200G091017515,#¡REF!
JDAJ200G091017548,#¡REF!
JDAJ200G091017583,#¡REF!
JDAJ200G091017503,#¡REF!
JDAJ200G091017534,#¡REF!
JDAJ200G091017638,#¡REF!
JDAJ210G091084208,#¡REF!
JDAJ210G091084247,#¡REF!
JDAJ210G091084346,#¡REF!
JDAJ210G091084352,#¡REF!
JDAJ210G091084492,#¡REF!
JDAJ210G091084501,#¡REF!
JDAJ210G091084503,#¡REF!
JDAJ210G091084530,#¡REF!
JDAJ210G091084649,#¡REF!
JDAJ210G091084850,#¡REF!
JDAJ210G091083639,#¡REF!
JDAJ210G091083753,#¡REF!
JDAJ210G091084231,#¡REF!
JDAJ210G091084675,#¡REF!
,#¡REF!
,#¡REF!
,#¡REF!
"PRODUCCION JUNIO 07 UNIDADES  (1ER, PARCIAL)  INDONESIA",#¡REF!
,#¡REF!
,#¡REF!
,#¡REF!
CHASIS,Concesionario
,#¡REF!
,#¡REF!
MHKG2CN208K000212,#¡REF!
MHKG2CP208K000197,#¡REF!
MHKG2CP208K000201,#¡REF!
MHKG2CP408K000816,#¡REF!
MHKG2CP408K000817,#¡REF!
MHKG2CP408K000818,#¡REF!
MHKG2CP408K000819,#¡REF!
,#¡REF!
,#¡REF!
,#¡REF!
,#¡REF!
PRODUCCION JUNIO 50 UNIDADES  ,#¡REF!
,#¡REF!
,#¡REF!
,#¡REF!
CHASIS,Concesionario
,#¡REF!
,#¡REF!
JDAJ200G091017677,#¡REF!
JDAJ200G091017694,#¡REF!
JDAJ200G091017728,#¡REF!
JDAJ200G091017759,#¡REF!
JDAJ200G091017804,#¡REF!
JDAJ200G091017866,#¡REF!
JDAJ200G091017875,#¡REF!
JDAJ200G091017885,#¡REF!
JDAJ200G091017916,#¡REF!
JDAJ200G091017924,#¡REF!
JDAJ200G091017949,#¡REF!
JDAJ200G091017954,#¡REF!
JDAJ200G091017973,#¡REF!
JDAJ200G091018008,#¡REF!
JDAJ200G091018026,#¡REF!
JDAJ200G091017682,#¡REF!
JDAJ200G091017773,#¡REF!
JDAJ200G091017900,#¡REF!
JDAJ200G091017915,#¡REF!
JDAJ200G091017946,#¡REF!
JDAJ200G091017995,#¡REF!
JDAJ200G091018005,#¡REF!
JDAJ200G091018032,#¡REF!
JDAJ210G091084945,#¡REF!
JDAJ210G091084964,#¡REF!
JDAJ210G091085135,#¡REF!
JDAJ210G091085259,#¡REF!
JDAJ210G091085295,#¡REF!
JDAJ210G091085366,#¡REF!
JDAJ210G091085546,#¡REF!
JDAJ210G091085605,#¡REF!
JDAJ210G091085621,#¡REF!
JDAJ210G091085721,#¡REF!
JDAJ210G091085733,#¡REF!
JDAJ210G091085748,#¡REF!
JDAJ210G091085807,#¡REF!
JDAJ210G091085819,#¡REF!
JDAJ210G091085820,#¡REF!
JDAJ210G091085821,#¡REF!
JDAJ210G091085840,#¡REF!
JDAJ210G091085921,#¡REF!
JDAJ210G091085932,#¡REF!
JDAJ210G091084949,#¡REF!
JDAJ210G091084957,#¡REF!
JDAJ210G091085364,#¡REF!
JDAJ210G091085388,#¡REF!
JDAJ210G091085722,#¡REF!
JDAJ210G091085725,#¡REF!
JDAJ210G091085913,#¡REF!
JDAJ210G091085967,#¡REF!
,#¡REF!
,#¡REF!
,#¡REF!
,#¡REF!
PRODUCCION JUNIO 06 UNIDADES  (2DO. PARCIAL)  INDONESIA,#¡REF!
,#¡REF!
,#¡REF!
,#¡REF!
CHASIS,Concesionario
,#¡REF!
,#¡REF!
MHKG2CN208K000218,#¡REF!
MHKG2CN208K000222,#¡REF!
MHKG2CN208K000227,#¡REF!
MHKG2CP208K000203,#¡REF!
MHKG2CP208K000207,#¡REF!
MHKG2CP408K000210,#¡REF!
,#¡REF!
,#¡REF!
,#¡REF!
,#¡REF!
,#¡REF!
,#¡REF!
,#¡REF!
"PRODUCCION JULIO 47 UNIDADES  (1ER, PARCIAL)",#¡REF!
,#¡REF!
,#¡REF!
,#¡REF!
CHASIS,Concesionario
,#¡REF!
,#¡REF!
JDAJ200G091018350,#¡REF!
JDAJ200G091018379,#¡REF!
JDAJ200G091018426,#¡REF!
JDAJ200G091018430,#¡REF!
JDAJ200G091018446,#¡REF!
JDAJ200G091018454,#¡REF!
JDAJ200G091018461,#¡REF!
JDAJ200G091018489,#¡REF!
JDAJ200G091018518,#¡REF!
JDAJ200G091018589,#¡REF!
JDAJ200G091018597,#¡REF!
JDAJ200G091018616,#¡REF!
JDAJ200G091018648,#¡REF!
JDAJ200G091018651,#¡REF!
JDAJ200G091018666,#¡REF!
JDAJ200G091018677,#¡REF!
JDAJ200G091018686,#¡REF!
JDAJ200G091018700,#¡REF!
JDAJ200G091018701,#¡REF!
JDAJ200G091018739,#¡REF!
JDAJ200G091018810,#¡REF!
JDAJ200G091018347,#¡REF!
JDAJ200G091018492,#¡REF!
JDAJ200G091018556,#¡REF!
JDAJ200G091018584,#¡REF!
JDAJ200G091018617,#¡REF!
JDAJ200G091018621,#¡REF!
JDAJ200G091018631,#¡REF!
JDAJ200G091018653,#¡REF!
JDAJ200G091018657,#¡REF!
JDAJ200G091018762,#¡REF!
JDAJ200G091018790,#¡REF!
JDAJ210G091087408,#¡REF!
JDAJ210G091087448,#¡REF!
JDAJ210G091087540,#¡REF!
JDAJ210G091087558,#¡REF!
JDAJ210G091087783,#¡REF!
JDAJ210G091087919,#¡REF!
JDAJ210G091088513,#¡REF!
JDAJ210G091088627,#¡REF!
JDAJ210G091087648,#¡REF!
JDAJ210G091088015,#¡REF!
JDAJ210G091088142,#¡REF!
JDAJ210G091088495,#¡REF!
JDA00V11890029278,#¡REF!
JDA00V11890029300,#¡REF!
JDA00V11890029305,#¡REF!
,#¡REF!
,#¡REF!
,#¡REF!
PRODUCCION JULIO 08 UNIDADES  (INDONESIA) 1ER. PARCIAL,#¡REF!
,#¡REF!
,#¡REF!
,#¡REF!
CHASIS,Concesionario
,#¡REF!
,#¡REF!
MHKG2CN208K000234,#¡REF!
MHKG2CN208K000239,#¡REF!
MHKG2CN209K000244,#¡REF!
MHKG2CN209K000251,#¡REF!
MHKG2CP208K000214,#¡REF!
MHKG2CP208K000217,#¡REF!
MHKG2CP209K000221,#¡REF!
MHKG2CP209K000226,#¡REF!
,#¡REF!
,#¡REF!
,#¡REF!
,#¡REF!
PRODUCCION JULIO 02 UNIDADES 2do. PARCIAL  (INDONESIA),#¡REF!
,#¡REF!
,#¡REF!
,#¡REF!
CHASIS,Concesionario
,#¡REF!
,#¡REF!
MHKG2CN209K000257,#¡REF!
MHKG2CP209K000230,#¡REF!
,#¡REF!
,#¡REF!
,#¡REF!
,#¡REF!
PRODUCCION JULIO 02 UNIDADES   2DO. PARCIAL,#¡REF!
,#¡REF!
,#¡REF!
,#¡REF!
CHASIS,Concesionario
,#¡REF!
,#¡REF!
JDA00V11890029329,#¡REF!
JDA00V11890029349,#¡REF!
,#¡REF!
,#¡REF!
,#¡REF!
PRODUCCION JULIO 10 UNIDADES   3ER. PARCIAL,#¡REF!
,#¡REF!
,#¡REF!
,#¡REF!
CHASIS,Concesionario
,#¡REF!
,#¡REF!
JDA00V11890029377,#¡REF!
JDA00V11890029409,#¡REF!
JDA00V11890029363,#¡REF!
JDA00V11890029364,#¡REF!
JDA00V11890029368,#¡REF!
JDA00V11890029381,#¡REF!
JDA00V11890029388,#¡REF!
JDA00V11890029397,#¡REF!
JDA00V11890029407,#¡REF!
JDA00V11890029412,#¡REF!
,#¡REF!
,#¡REF!
,#¡REF!
,#¡REF!
,#¡REF!
PRODUCCION AGOSTO 30 UNIDADES   1ER.  PARCIAL,#¡REF!
,#¡REF!
,#¡REF!
,#¡REF!
CHASIS,Concesionario
,#¡REF!
,#¡REF!
JDAJ200G091019522,#¡REF!
JDAJ200G091019545,#¡REF!
JDAJ200G091019563,#¡REF!
JDAJ200G091019565,#¡REF!
JDAJ200G091019409,#¡REF!
JDAJ200G091019440,#¡REF!
JDAJ200G091019444,#¡REF!
JDAJ200G091019469,#¡REF!
JDAJ200G091019493,#¡REF!
JDAJ200G091019549,#¡REF!
JDAJ200G091019564,#¡REF!
JDAJ200G091019570,#¡REF!
JDAJ210G091090337,#¡REF!
JDAJ210G091090338,#¡REF!
JDAJ210G091090641,#¡REF!
JDAJ210G091090732,#¡REF!
JDAJ210G091090733,#¡REF!
JDAJ210G091090792,#¡REF!
JDAJ210G091090794,#¡REF!
JDAJ210G091090884,#¡REF!
JDAJ210G091091042,#¡REF!
JDAJ210G091091062,#¡REF!
JDAJ210G091091165,#¡REF!
JDAJ210G091091375,#¡REF!
JDAJ210G091091458,#¡REF!
JDAJ210G091091576,#¡REF!
JDAJ210G091090157,#¡REF!
JDAJ210G091090249,#¡REF!
JDAJ210G091090473,#¡REF!
JDAJ210G091090627,#¡REF!
,#¡REF!
,#¡REF!
,#¡REF!
,#¡REF!
PRODUCCION AGOSTO 07 UNIDADES   1ER.  PARCIAL (INDONESIA),#¡REF!
,#¡REF!
,#¡REF!
,#¡REF!
CHASIS,Concesionario
,#¡REF!
,#¡REF!
MHKG2CN209K000261,#¡REF!
MHKG2CN209K000263,#¡REF!
MHKG2CN209K000268,#¡REF!
MHKG2CN209K000270,#¡REF!
MHKG2CN209K000273,#¡REF!
MHKG2CN209K000277,#¡REF!
MHKG2CN209K000279,#¡REF!
,#¡REF!
,#¡REF!
,#¡REF!
PRODUCCION AGOSTO 03 UNIDADES   2DO.  PARCIAL (INDONESIA),#¡REF!
,#¡REF!
,#¡REF!
,#¡REF!
CHASIS,Concesionario
,#¡REF!
MHKG2CN209K000283,#¡REF!
MHKG2CN209K000286,#¡REF!
MHKG2CN209K000291,#¡REF!
,#¡REF!
,#¡REF!
,#¡REF!
,#¡REF!
,#¡REF!
PRODUCCION AGOSTO 49 UNIDADES   2DO.  PARCIAL,#¡REF!
,#¡REF!
,#¡REF!
,#¡REF!
CHASIS,Concesionario
,#¡REF!
,#¡REF!
JDAJ200G091019668,#¡REF!
JDAJ200G091019673,#¡REF!
JDAJ200G091019711,#¡REF!
JDAJ200G091019738,#¡REF!
JDAJ200G091019764,#¡REF!
JDAJ200G091019770,#¡REF!
JDAJ200G091019779,#¡REF!
JDAJ200G091019800,#¡REF!
JDAJ200G091019804,#¡REF!
JDAJ200G091019811,#¡REF!
JDAJ200G091019818,#¡REF!
JDAJ200G091019830,#¡REF!
JDAJ200G091019834,#¡REF!
JDAJ200G091019835,#¡REF!
JDAJ200G091019846,#¡REF!
JDAJ200G091019866,#¡REF!
JDAJ200G091019868,#¡REF!
JDAJ200G091019874,#¡REF!
JDAJ200G091019876,#¡REF!
JDAJ200G091019881,#¡REF!
JDAJ200G091019891,#¡REF!
JDAJ200G091019892,#¡REF!
JDAJ200G091019916,#¡REF!
JDAJ200G091019920,#¡REF!
JDAJ200G091019638,#¡REF!
JDAJ200G091019715,#¡REF!
JDAJ200G091019786,#¡REF!
JDAJ200G091019822,#¡REF!
JDAJ200G091019824,#¡REF!
JDAJ200G091019902,#¡REF!
JDAJ210G091091647,#¡REF!
JDAJ210G091091697,#¡REF!
JDAJ210G091091776,#¡REF!
JDAJ210G091091785,#¡REF!
JDAJ210G091091795,#¡REF!
JDAJ210G091091836,#¡REF!
JDAJ210G091091880,#¡REF!
JDAJ210G091091919,#¡REF!
JDAJ210G091091937,#¡REF!
JDAJ210G091091962,#¡REF!
JDAJ210G091092088,#¡REF!
JDAJ210G091092226,#¡REF!
JDAJ210G091092228,#¡REF!
JDAJ210G091092262,#¡REF!
JDAJ210G091092410,#¡REF!
JDAJ210G091091994,#¡REF!
JDAJ210G091092123,#¡REF!
JDAJ210G091092129,#¡REF!
JDAJ210G091092276,#¡REF!
,#¡REF!
,#¡REF!
,#¡REF!
,#¡REF!
,#¡REF!
PRODUCCION AGOSTO 01 UNIDADES   3ER.  PARCIAL,#¡REF!
,#¡REF!
,#¡REF!
,#¡REF!
CHASIS,Concesionario
,#¡REF!
,#¡REF!
JDAJ210G091092361,#¡REF!
,#¡REF!
,#¡REF!
,#¡REF!
PRODUCCION AGOSTO 20 UNIDADES   4TO.  PARCIAL,#¡REF!
,#¡REF!
,#¡REF!
,#¡REF!
CHASIS,Concesionario
,#¡REF!
,#¡REF!
JDA00V11890029526,#¡REF!
JDA00V11890029539,#¡REF!
JDA00V11890029560,#¡REF!
JDA00V11890029570,#¡REF!
JDA00V11890029576,#¡REF!
JDA00V11890029480,#¡REF!
JDA00V11890029482,#¡REF!
JDA00V11890029491,#¡REF!
JDA00V11890029492,#¡REF!
JDA00V11890029502,#¡REF!
JDA00V11890029504,#¡REF!
JDA00V11890029512,#¡REF!
JDA00V11890029514,#¡REF!
JDA00V11890029523,#¡REF!
JDA00V11890029524,#¡REF!
JDA00V11890029538,#¡REF!
JDA00V11890029553,#¡REF!
JDA00V11890029555,#¡REF!
JDA00V11890029564,#¡REF!
JDA00V11890029573,#¡REF!
,#¡REF!
,#¡REF!
,#¡REF!
,#¡REF!
PRODUCCION SETIEMBRE 63 UNIDADES   1ER.  PARCIAL,#¡REF!
,#¡REF!
,#¡REF!
,#¡REF!
CHASIS,Concesionario
,#¡REF!
,#¡REF!
JDAJ200G091020013,#¡REF!
JDAJ200G091020099,#¡REF!
JDAJ200G091020101,#¡REF!
JDAJ200G091020153,#¡REF!
JDAJ200G091020202,#¡REF!
JDAJ200G091020245,#¡REF!
JDAJ200G091020293,#¡REF!
JDAJ200G091020343,#¡REF!
JDAJ200G091020440,#¡REF!
JDAJ200G091020442,#¡REF!
JDAJ200G091020471,#¡REF!
JDAJ200G091020478,#¡REF!
JDAJ200G091019942,#¡REF!
JDAJ200G091019982,#¡REF!
JDAJ200G091020022,#¡REF!
JDAJ200G091020225,#¡REF!
JDAJ200G091020273,#¡REF!
JDAJ200G091020335,#¡REF!
JDAJ200G091020351,#¡REF!
JDAJ200G091020515,#¡REF!
JDAJ200G091020557,#¡REF!
JDAJ200G091020583,#¡REF!
JDAJ200G091020605,#¡REF!
JDAJ210G091092492,#¡REF!
JDAJ210G091092553,#¡REF!
JDAJ210G091092600,#¡REF!
JDAJ210G091092662,#¡REF!
JDAJ210G091092713,#¡REF!
JDAJ210G091092761,#¡REF!
JDAJ210G091092831,#¡REF!
JDAJ210G091092870,#¡REF!
JDAJ210G091092969,#¡REF!
JDAJ210G091092996,#¡REF!
JDAJ210G091093090,#¡REF!
JDAJ210G091093131,#¡REF!
JDAJ210G091093228,#¡REF!
JDAJ210G091093231,#¡REF!
JDAJ210G091093233,#¡REF!
JDAJ210G091093348,#¡REF!
JDAJ210G091093353,#¡REF!
JDAJ210G091093356,#¡REF!
JDAJ210G091093398,#¡REF!
JDAJ210G091093402,#¡REF!
JDAJ210G091093444,#¡REF!
JDAJ210G091093480,#¡REF!
JDAJ210G091093505,#¡REF!
JDAJ210G091093540,#¡REF!
JDAJ210G091093552,#¡REF!
JDAJ210G091093581,#¡REF!
JDAJ210G091093634,#¡REF!
JDAJ210G091093642,#¡REF!
JDAJ210G091093656,#¡REF!
JDAJ210G091093719,#¡REF!
JDAJ210G091092503,#¡REF!
JDAJ210G091092552,#¡REF!
JDAJ210G091092671,#¡REF!
JDAJ210G091092678,#¡REF!
JDAJ210G091092777,#¡REF!
JDAJ210G091092867,#¡REF!
JDAJ210G091092983,#¡REF!
JDAJ210G091093139,#¡REF!
JDAJ210G091093221,#¡REF!
JDAJ210G091093378,#¡REF!
,#¡REF!
,#¡REF!
,#¡REF!
,#¡REF!
,#¡REF!
PRODUCCION SETIEMBRE 27 UNIDADES   2DO.  PARCIAL,#¡REF!
,#¡REF!
,#¡REF!
,#¡REF!
CHASIS,Concesionario
,#¡REF!
,#¡REF!
JDAJ200G091020493,#¡REF!
JDAJ200G091020510,#¡REF!
JDAJ200G091020535,#¡REF!
JDAJ200G091020541,#¡REF!
JDAJ200G091020560,#¡REF!
JDAJ200G091020598,#¡REF!
JDAJ200G091020637,#¡REF!
JDAJ200G091020644,#¡REF!
JDAJ200G091020692,#¡REF!
JDAJ200G091020699,#¡REF!
JDAJ200G091020701,#¡REF!
JDAJ200G091020737,#¡REF!
JDAJ200G091020765,#¡REF!
JDAJ200G091020778,#¡REF!
JDAJ200G091020787,#¡REF!
JDAJ200G091020819,#¡REF!
JDAJ200G091020821,#¡REF!
JDAJ200G091020835,#¡REF!
JDAJ200G091020858,#¡REF!
JDAJ200G091020864,#¡REF!
JDAJ200G091020890,#¡REF!
JDAJ200G091020894,#¡REF!
JDAJ200G091020898,#¡REF!
JDAJ200G091020714,#¡REF!
JDAJ200G091020727,#¡REF!
JDAJ200G091020842,#¡REF!
JDAJ200G091020869,#¡REF!
,#¡REF!
,#¡REF!
,#¡REF!
PRODUCCION SETIEMBRE  INDONESIA 08 UNIDADES   1ER.  PARCIAL,#¡REF!
,#¡REF!
,#¡REF!
,#¡REF!
CHASIS,Concesionario
,#¡REF!
,#¡REF!
MHKG2CN209K000293,#¡REF!
MHKG2CN209K000296,#¡REF!
MHKG2CN209K000299,#¡REF!
MHKG2CP209K000243,#¡REF!
MHKG2CP209K000245,#¡REF!
MHKG2CP209K000961,#¡REF!
MHKG2CP209K000963,#¡REF!
MHKG2CP209K000964,#¡REF!
,#¡REF!
,#¡REF!
,#¡REF!
,#¡REF!
PRODUCCION SETIEMBRE  INDONESIA 06 UNIDADES   2DO.  PARCIAL,#¡REF!
,#¡REF!
,#¡REF!
,#¡REF!
CHASIS,Concesionario
,#¡REF!
,#¡REF!
MHKG2CN209K000302,#¡REF!
MHKG2CN209K000305,#¡REF!
MHKG2CP209K000246,#¡REF!
MHKG2CP209K000248,#¡REF!
MHKG2CP209K000250,#¡REF!
MHKG2CP409K000966,#¡REF!
,#¡REF!
,#¡REF!
,#¡REF!
PRODUCCION SETIEMBRE  INDONESIA 01 UNIDAD  3ER.  PARCIAL,#¡REF!
,#¡REF!
,#¡REF!
,#¡REF!
CHASIS,Concesionario
,#¡REF!
,#¡REF!
MHKG2CP409K000968,#¡REF!
,#¡REF!
,#¡REF!
,#¡REF!
,#¡REF!
,#¡REF!
,#¡REF!
PRODUCCION OCTUBRE 50 UNIDADES   1ER.  PARCIAL,#¡REF!
,#¡REF!
,#¡REF!
,#¡REF!
CHASIS,Concesionario
,#¡REF!
,#¡REF!
JDAJ200G091020904,#¡REF!
JDAJ200G091020922,#¡REF!
JDAJ200G091020936,#¡REF!
JDAJ200G091020968,#¡REF!
JDAJ200G091020970,#¡REF!
JDAJ200G091021013,#¡REF!
JDAJ200G091021051,#¡REF!
JDAJ200G091021058,#¡REF!
JDAJ200G091021076,#¡REF!
JDAJ200G091021086,#¡REF!
JDAJ200G091021095,#¡REF!
JDAJ200G091021104,#¡REF!
JDAJ200G091021109,#¡REF!
JDAJ200G091021128,#¡REF!
JDAJ200G091021140,#¡REF!
JDAJ200G091021174,#¡REF!
JDAJ200G091021178,#¡REF!
JDAJ200G091021187,#¡REF!
JDAJ200G091021190,#¡REF!
JDAJ200G091021209,#¡REF!
JDAJ200G091021226,#¡REF!
JDAJ200G091021247,#¡REF!
JDAJ200G091020906,#¡REF!
JDAJ200G091020916,#¡REF!
JDAJ200G091020917,#¡REF!
JDAJ200G091021006,#¡REF!
JDAJ200G091021219,#¡REF!
JDAJ200G091021249,#¡REF!
JDAJ200G091021266,#¡REF!
JDAJ210G091095131,#¡REF!
JDAJ210G091095155,#¡REF!
JDAJ210G091095382,#¡REF!
JDAJ210G091095469,#¡REF!
JDAJ210G091095588,#¡REF!
JDAJ210G091095725,#¡REF!
JDAJ210G091095797,#¡REF!
JDAJ210G091095866,#¡REF!
JDAJ210G091095931,#¡REF!
JDAJ210G091095662,#¡REF!
JDAJ210G091095663,#¡REF!
JDAJ210G091095751,#¡REF!
JDAJ210G091095843,#¡REF!
JDAJ210G091095933,#¡REF!
JDA00V11890029736,#¡REF!
JDA00V11890029670,#¡REF!
JDA00V11890029677,#¡REF!
JDA00V11890029691,#¡REF!
JDA00V11890029710,#¡REF!
JDA00V11890029738,#¡REF!
JDA00V11890029741,#¡REF!
,#¡REF!
,#¡REF!
,#¡REF!
,#¡REF!
PRODUCCION OCTUBRE 32 UNIDADES   2DO.  PARCIAL,#¡REF!
,#¡REF!
,#¡REF!
,#¡REF!
CHASIS,Concesionario
,#¡REF!
,#¡REF!
JDAJ200G091021304,#¡REF!
JDAJ200G091021354,#¡REF!
JDAJ200G091021359,#¡REF!
JDAJ200G091021405,#¡REF!
JDAJ200G091021432,#¡REF!
JDAJ200G091021463,#¡REF!
JDAJ200G091021472,#¡REF!
JDAJ200G091021493,#¡REF!
JDAJ200G091021409,#¡REF!
JDAJ200G091021429,#¡REF!
JDAJ200G091021495,#¡REF!
JDAJ210G091095985,#¡REF!
JDAJ210G091095987,#¡REF!
JDAJ210G091095988,#¡REF!
JDAJ210G091096008,#¡REF!
JDAJ210G091096045,#¡REF!
JDAJ210G091096117,#¡REF!
JDAJ210G091096179,#¡REF!
JDAJ210G091096265,#¡REF!
JDAJ210G091096336,#¡REF!
JDAJ210G091096468,#¡REF!
JDAJ210G091096049,#¡REF!
JDAJ210G091096121,#¡REF!
JDAJ210G091096264,#¡REF!
JDAJ210G091096365,#¡REF!
JDAJ210G091096386,#¡REF!
JDAJ210G091096556,#¡REF!
JDA00V11890029748,#¡REF!
JDA00V11890029744,#¡REF!
JDA00V11890029751,#¡REF!
JDA00V11890029755,#¡REF!
JDA00V11890029762,#¡REF!
,#¡REF!
,#¡REF!
,#¡REF!
PRODUCCION OCTUBRE  INDONESIA 10 UNIDADES   1ER.  PARCIAL,#¡REF!
,#¡REF!
,#¡REF!
,#¡REF!
CHASIS,Concesionario
,#¡REF!
,#¡REF!
MHKG2CN209K000308,#¡REF!
MHKG2CN209K000310,#¡REF!
MHKG2CN209K000313,#¡REF!
MHKG2CP209K000252,#¡REF!
MHKG2CP209K000253,#¡REF!
MHKG2CP209K000254,#¡REF!
MHKG2CP209K000255,#¡REF!
MHKG2CP209K000256,#¡REF!
MHKG2CP409K000990,#¡REF!
MHKG2CP409K000992,#¡REF!
,#¡REF!
,#¡REF!
,#¡REF!
PRODUCCION OCTUBRE  INDONESIA 10 UNIDADES   2do.  PARCIAL,#¡REF!
,#¡REF!
,#¡REF!
,#¡REF!
CHASIS,Concesionario
,#¡REF!
,#¡REF!
MHKG2CN209K000315,#¡REF!
MHKG2CN209K000318,#¡REF!
MHKG2CN209K000321,#¡REF!
MHKG2CN209K000323,#¡REF!
MHKG2CN209K000325,#¡REF!
MHKG2CN209K000329,#¡REF!
MHKG2CN209K000331,#¡REF!
MHKG2CP409K000991,#¡REF!
MHKG2CP409K000993,#¡REF!
MHKG2CP409K000994,#¡REF!
,#¡REF!
,#¡REF!
IMPORTACION TEMPORAL COLOMBIA 01 UNIDAD,#¡REF!
,#¡REF!
,#¡REF!
,#¡REF!
CHASIS,Concesionario
,#¡REF!
,#¡REF!
JDAL881K000002737,#¡REF!
,#¡REF!
,#¡REF!
,#¡REF!
,#¡REF!
,#¡REF!
PRODUCCION NOVIEMBRE  INDONESIA 07 UNIDADES   1ER.  PARCIAL,#¡REF!
,#¡REF!
,#¡REF!
,#¡REF!
CHASIS,Concesionario
,#¡REF!
,#¡REF!
MHKG2CN209K000333,#¡REF!
MHKG2CN209K000334,#¡REF!
MHKG2CN209K000335,#¡REF!
MHKG2CN209K000337,#¡REF!
MHKG2CN209K000338,#¡REF!
MHKG2CN209K000340,#¡REF!
MHKG2CN209K000344,#¡REF!
,#¡REF!
,#¡REF!
,#¡REF!
PRODUCCION NOVIEMBRE  INDONESIA 03 UNIDADES   2do.  PARCIAL,#¡REF!
,#¡REF!
,#¡REF!
,#¡REF!
CHASIS,Concesionario
,#¡REF!
,#¡REF!
MHKG2CN209K000341,#¡REF!
MHKG2CN209K000342,#¡REF!
MHKG2CN209K000345,#¡REF!
,#¡REF!
,#¡REF!
,#¡REF!
,#¡REF!
,#¡REF!
,#¡REF!
PRODUCCION NOVIEMBRE  30 UNIDADES   1ER.  PARCIAL,#¡REF!
,#¡REF!
,#¡REF!
,#¡REF!
CHASIS,Concesionario
,#¡REF!
,#¡REF!
JDAJ200G091021760,#¡REF!
JDAJ200G091021750,#¡REF!
JDAJ200G091021766,#¡REF!
JDAJ200G091021820,#¡REF!
JDAJ210G091097212,#¡REF!
JDA00V11690031820,#¡REF!
JDA00V11690031836,#¡REF!
JDA00V11690031847,#¡REF!
JDA00V11690031862,#¡REF!
JDA00V11690031880,#¡REF!
JDA00V11690031892,#¡REF!
JDA00V11690031902,#¡REF!
JDA00V11690031911,#¡REF!
JDA00V11690031917,#¡REF!
JDA00V11690031923,#¡REF!
JDA00V11890029850,#¡REF!
JDA00V11890029858,#¡REF!
JDA00V11890029768,#¡REF!
JDA00V11890029776,#¡REF!
JDA00V11890029780,#¡REF!
JDA00V11890029788,#¡REF!
JDA00V11890029791,#¡REF!
JDA00V11890029793,#¡REF!
JDA00V11890029802,#¡REF!
JDA00V11890029818,#¡REF!
JDA00V11890029824,#¡REF!
JDA00V11890029835,#¡REF!
JDA00V11890029847,#¡REF!
JDA00V11890029855,#¡REF!
JDA00V11890029867,#¡REF!
,#¡REF!
,#¡REF!
,#¡REF!
,#¡REF!
PRODUCCION NOVIEMBRE  25 UNIDADES   2DO.  PARCIAL,#¡REF!
,#¡REF!
,#¡REF!
,#¡REF!
CHASIS,Concesionario
,#¡REF!
,#¡REF!
JDAJ200G091021877,#¡REF!
JDAJ200G091021897,#¡REF!
JDAJ200G091021952,#¡REF!
JDAJ200G091021981,#¡REF!
JDAJ200G091022007,#¡REF!
JDAJ200G091022011,#¡REF!
JDAJ200G091022015,#¡REF!
JDAJ200G091022037,#¡REF!
JDAJ200G091022040,#¡REF!
JDAJ200G091022041,#¡REF!
JDAJ200G091021828,#¡REF!
JDAJ200G091021859,#¡REF!
JDAJ200G091022048,#¡REF!
JDAJ210G091097291,#¡REF!
JDAJ210G091097488,#¡REF!
JDAJ210G091097511,#¡REF!
JDAJ210G091097696,#¡REF!
JDAJ210G091097787,#¡REF!
JDAJ210G091097893,#¡REF!
JDAJ210G091097988,#¡REF!
JDAJ210G091097323,#¡REF!
JDAJ210G091097386,#¡REF!
JDAJ210G091097391,#¡REF!
JDAJ210G091097413,#¡REF!
JDAJ210G091097502,#¡REF!
,#¡REF!
,#¡REF!
,#¡REF!
,#¡REF!
PRODUCCION DICIEMRE   20 UNIDADES   ,#¡REF!
,#¡REF!
,#¡REF!
,#¡REF!
CHASIS,Concesionario
,#¡REF!
,#¡REF!
JDA00V11690032025,#¡REF!
JDA00V11690032027,#¡REF!
JDA00V11690032034,#¡REF!
JDA00V11690032040,#¡REF!
JDA00V11890029879,#¡REF!
JDA00V11890029887,#¡REF!
JDA00V11890029896,#¡REF!
JDA00V11890029795,#¡REF!
JDA00V11890029796,#¡REF!
JDA00V11890029804,#¡REF!
JDA00V11890029811,#¡REF!
JDA00V11890029837,#¡REF!
JDA00V11890029857,#¡REF!
JDA00V11890029869,#¡REF!
JDA00V11890029891,#¡REF!
JDA00V11890029907,#¡REF!
JDA00V11890029913,#¡REF!
JDA00V11890029922,#¡REF!
JDA00V11890029939,#¡REF!
JDA00V11890029949,#¡REF!
,#¡REF!
,#¡REF!
,#¡REF!
,#¡REF!
PRODUCCION DICIEMRE   10 UNIDADES   (INDONESIA),#¡REF!
,#¡REF!
,#¡REF!
,#¡REF!
CHASIS,Concesionario
,#¡REF!
,#¡REF!
MHKG2CN209K000346,#¡REF!
MHKG2CN209K000347,#¡REF!
MHKG2CN209K000349,#¡REF!
MHKG2CN209K000350,#¡REF!
MHKG2CN209K000351,#¡REF!
MHKG2CN209K000353,#¡REF!
MHKG2CN209K000354,#¡REF!
MHKG2CN209K000355,#¡REF!
MHKG2CN209K000357,#¡REF!
MHKG2CN209K000358,#¡REF!
,#¡REF!
,#¡REF!
,#¡REF!
,#¡REF!
,#¡REF!
PRODUCCION JUNIO-2009   10 UNIDADES   (INDONESIA),#¡REF!
,#¡REF!
,#¡REF!
,#¡REF!
CHASIS,Concesionario
,#¡REF!
,#¡REF!
MHKG2CN209K000391,#¡REF!
MHKG2CN209K000392,#¡REF!
MHKG2CN209K000393,#¡REF!
MHKG2CN20AK000394,#¡REF!
MHKG2CN20AK000395,#¡REF!
MHKG2CP409K001966,#¡REF!
MHKG2CP409K001967,#¡REF!
MHKG2CP409K001971,#¡REF!
MHKG2CP409K001976,#¡REF!
MHKG2CP40AK001983,#¡REF!
,#¡REF!
,#¡REF!
,#¡REF!
PRODUCCION OCTUBRE -2009   06 UNIDADES  ,#¡REF!
,#¡REF!
,#¡REF!
,#¡REF!
CHASIS,Concesionario
,#¡REF!
,#¡REF!
JDAJ200G0A1023642,#¡REF!
JDAJ200G0A1023650,#¡REF!
JDAJ200G0A1023658,#¡REF!
JDAJ200G0A1023673,#¡REF!
JDAJ210G0A1107975,#¡REF!
JDAJ210G0A1108088,#¡REF!
,#¡REF!
,#¡REF!
,#¡REF!
PRODUCCION NOVIEMBRE  -2009   09 UNIDADES  (1ER. PARCIAL) INDONESIA,#¡REF!
,#¡REF!
,#¡REF!
,#¡REF!
CHASIS,Concesionario
,#¡REF!
,#¡REF!
MHKG2CN20AK000396,#¡REF!
MHKG2CN20AK000397,#¡REF!
MHKG2CN20AK000398,#¡REF!
MHKG2CP20AK000281,#¡REF!
MHKG2CP20AK000282,#¡REF!
MHKG2CP40AK002200,#¡REF!
MHKG2CP40AK002205,#¡REF!
MHKG2CP40AK002209,#¡REF!
MHKG2CP40AK002212,#¡REF!
,#¡REF!
,#¡REF!
,#¡REF!
PRODUCCION NOVIEMBRE  -2009   10 UNIDADES  (2DO. PARCIAL) INDONESIA,#¡REF!
,#¡REF!
,#¡REF!
,#¡REF!
CHASIS,Concesionario
,#¡REF!
,#¡REF!
MHKG2CN20AK000399,#¡REF!
MHKG2CN20AK000400,#¡REF!
MHKG2CN20AK000401,#¡REF!
MHKG2CN20AK000402,#¡REF!
MHKG2CN20AK000403,#¡REF!
MHKG2CN20AK000404,#¡REF!
MHKG2CP20AK000283,#¡REF!
MHKG2CP20AK000284,#¡REF!
MHKG2CP20AK000285,#¡REF!
MHKG2CP40AK002248,#¡REF!
,#¡REF!
,#¡REF!
,#¡REF!
,#¡REF!
,#¡REF!
PRODUCCION NOVIEMBRE  -2009   06 UNIDADES ,#¡REF!
,#¡REF!
,#¡REF!
,#¡REF!
CHASIS,Concesionario
,#¡REF!
,#¡REF!
JDAJ200G0A1023959,#¡REF!
JDAJ200G0A1023967,#¡REF!
JDAJ200G0A1023974,#¡REF!
JDAJ200G0A1024022,#¡REF!
JDAJ200G0A1024040,#¡REF!
JDAJ200G0A1024037,#¡REF!
,#¡REF!
,#¡REF!
,#¡REF!
PRODUCCION DICIEMBRE  -2009   04 UNIDADES  (1er. PARCIAL) ,#¡REF!
,#¡REF!
,#¡REF!
,#¡REF!
CHASIS,Concesionario
,#¡REF!
,#¡REF!
JDAJ210G0A1110254,#¡REF!
JDAJ210G0A1110356,#¡REF!
JDAJ210G0A1110402,#¡REF!
JDAJ210G0A1110405,#¡REF!
,#¡REF!
,#¡REF!
,#¡REF!
PRODUCCION DICIEMBRE  -2009   04 UNIDADES  (2do. PARCIAL) ,#¡REF!
,#¡REF!
,#¡REF!
,#¡REF!
CHASIS,Concesionario
,#¡REF!
,#¡REF!
JDAJ210G0A1110435,#¡REF!
JDAJ210G0A1110486,#¡REF!
,#¡REF!
,#¡REF!
,#¡REF!
,#¡REF!
PRODUCCION DICIEMBRE  -2009   09 UNIDADES  (1er. PARCIAL)   INDONESIA,#¡REF!
,#¡REF!
,#¡REF!
,#¡REF!
CHASIS,Concesionario
,#¡REF!
,#¡REF!
MHKG2CN20AK000405,#¡REF!
MHKG2CN20AK000408,#¡REF!
MHKG2CN20AK000410,#¡REF!
MHKG2CP20AK000286,#¡REF!
MHKG2CP20AK000287,#¡REF!
MHKG2CP40AK002308,#¡REF!
MHKG2CP40AK002310,#¡REF!
MHKG2CP40AK002312,#¡REF!
MHKG2CP40AK002330,#¡REF!
,#¡REF!
,#¡REF!
,#¡REF!
PRODUCCION DICIEMBRE  -2009   05  UNIDADES  (2do. PARCIAL)   INDONESIA,#¡REF!
,#¡REF!
,#¡REF!
,#¡REF!
CHASIS,Concesionario
,#¡REF!
,#¡REF!
MHKG2CN20AK000412,#¡REF!
MHKG2CN20AK000414,#¡REF!
MHKG2CP20AK000288,#¡REF!
MHKG2CP20AK000289,#¡REF!
MHKG2CP40AK002374,#¡REF!
,#¡REF!
,#¡REF!
,#¡REF!
,#¡REF!
PRODUCCION ENERO  -2010   06 UNIDADES ,#¡REF!
,#¡REF!
,#¡REF!
,#¡REF!
CHASIS,Concesionario
,#¡REF!
JDAJ200G0A1024733,#¡REF!
JDAJ200G0A1024755,#¡REF!
JDAJ200G0A1024760,#¡REF!
JDAJ200G0A1024801,#¡REF!
JDAJ200G0A1024925,#¡REF!
JDAJ200G0A1024891,#¡REF!
,#¡REF!
,#¡REF!
,#¡REF!
PRODUCCION ENERO  -2010   06 UNIDADES  (1ER. PARCIAL)   INDONESIA,#¡REF!
,#¡REF!
,#¡REF!
,#¡REF!
CHASIS,Concesionario
,#¡REF!
,#¡REF!
MHKG2CN20AK000415,#¡REF!
MHKG2CN20AK000417,#¡REF!
MHKG2CN20AK000418,#¡REF!
MHKG2CN20AK000420,#¡REF!
MHKG2CN20AK000421,#¡REF!
MHKG2CN20AK000423,#¡REF!
,#¡REF!
,#¡REF!
,#¡REF!
PRODUCCION ENERO  -2010   04 UNIDADES  (2DO. PARCIAL)   INDONESIA,#¡REF!
,#¡REF!
,#¡REF!
,#¡REF!
CHASIS,Concesionario
,#¡REF!
,#¡REF!
MHKG2CN20AK000425,#¡REF!
MHKG2CN20AK000426,#¡REF!
MHKG2CN20AK000427,#¡REF!
MHKG2CN20AK000429,#¡REF!
,#¡REF!
,#¡REF!
,#¡REF!
PRODUCCION FEBRERO  -2010   04 UNIDADES  (1ER. PARCIAL)   INDONESIA,#¡REF!
,#¡REF!
,#¡REF!
,#¡REF!
CHASIS,Concesionario
,#¡REF!
,#¡REF!
MHKG2CN20AK000430,#¡REF!
MHKG2CN20AK000431,#¡REF!
MHKG2CP20AK000290,#¡REF!
MHKG2CP40AK002456,#¡REF!
,#¡REF!
,#¡REF!
,#¡REF!
PRODUCCION FEBRERO  -2010   16 UNIDADES  (2DO. PARCIAL)   INDONESIA,#¡REF!
,#¡REF!
,#¡REF!
,#¡REF!
CHASIS,Concesionario
,#¡REF!
,#¡REF!
MHKG2CN20AK000432,#¡REF!
MHKG2CN20AK000433,#¡REF!
MHKG2CN20AK000434,#¡REF!
MHKG2CN20AK000435,#¡REF!
MHKG2CN20AK000436,#¡REF!
MHKG2CN20AK000437,#¡REF!
MHKG2CN20AK000438,#¡REF!
MHKG2CN20AK000439,#¡REF!
MHKG2CP20AK000291,#¡REF!
MHKG2CP20AK000292,#¡REF!
MHKG2CP20AK000293,AYLLON
MHKG2CP20AK000294,#¡REF!
MHKG2CP40AK002471,#¡REF!
MHKG2CP40AK002483,#¡REF!
MHKG2CP40AK002494,#¡REF!
MHKG2CP40AK002504,#¡REF!
,#¡REF!
,#¡REF!
,#¡REF!
,#¡REF!
,#¡REF!
,#¡REF!
,#¡REF!
,#¡REF!
,#¡REF!
PRODUCCION FEBRERO  -2010   10 UNIDADES  JAPON,#¡REF!
,#¡REF!
,#¡REF!
,#¡REF!
CHASIS,Concesionario
,#¡REF!
,#¡REF!
JDAJ200GOA1 025477 ,#¡REF!
JDAJ200GOA1 025493 ,#¡REF!
JDAJ200GOA1 025500 ,#¡REF!
JDAJ200GOA1025518,#¡REF!
JDAJ200GOA1 025541 ,#¡REF!
JDAJ200GOA1 025576 ,#¡REF!
JDAJ200GOA1 025525 ,#¡REF!
JDAJ200GOA1 025566 ,#¡REF!
JDAJ210GOA1112567,#¡REF!
JDAJ210GOA1112532,#¡REF!
,#¡REF!
,#¡REF!
,#¡REF!
,#¡REF!
PRODUCCION ENERO  -2010   01 UNIDADES  JAPON,#¡REF!
,#¡REF!
,#¡REF!
,#¡REF!
CHASIS,Concesionario
,#¡REF!
,#¡REF!
JDAJ200G0A1025176,#¡REF!
,#¡REF!
,#¡REF!
,#¡REF!
PRODUCCION MARZO  -2010   10 UNIDADES  INDONESIA,#¡REF!
,#¡REF!
,#¡REF!
,#¡REF!
CHASIS,Concesionario
,#¡REF!
,#¡REF!
MHKG2CN20AK000440,#¡REF!
MHKG2CN20AK000441,#¡REF!
MHKG2CN20AK000442,#¡REF!
MHKG2CN20AK000443,#¡REF!
MHKG2CN20AK000444,#¡REF!
MHKG2CN20AK000445,#¡REF!
MHKG2CN20AK000446,#¡REF!
MHKG2CN20AK000447,#¡REF!
MHKG2CN20AK000448,#¡REF!
MHKG2CN20AK000449,#¡REF!
,#¡REF!
,#¡REF!
,#¡REF!
PRODUCCION MARZO  -2010   10 UNIDADES  JAPON,#¡REF!
,#¡REF!
,#¡REF!
,#¡REF!
CHASIS,Concesionario
,#¡REF!
,#¡REF!
JDAJ200G0A1025888,#¡REF!
JDAJ200G0A1025891,#¡REF!
JDAJ200G0A1025901,#¡REF!
JDAJ200G0A1025917,#¡REF!
JDAJ200G0A1026005,#¡REF!
JDAJ200G0A1026051,#¡REF!
JDAJ200G0A1026075,#¡REF!
JDAJ200G0A1025860,#¡REF!
JDAJ210G0A1113090,#¡REF!
JDAJ210G0A1113121,#¡REF!
,#¡REF!
,#¡REF!
,#¡REF!
,#¡REF!
PRODUCCION ABRIL   -2010   09 UNIDADES  JAPON (1ER. PARCIAL),#¡REF!
,#¡REF!
,#¡REF!
,#¡REF!
CHASIS,Concesionario
,#¡REF!
,#¡REF!
JDAJ200G0A1026375,#¡REF!
JDAJ200G0A1026392,#¡REF!
JDAJ200G0A1026394,#¡REF!
JDAJ200G0A1026457,#¡REF!
JDAJ200G0A1026467,#¡REF!
JDAJ200G0A1026470,#¡REF!
JDAJ200G0A1026492,#¡REF!
JDAJ200G0A1026456,#¡REF!
JDAJ210G0A1114238,#¡REF!
,#¡REF!
,#¡REF!
,#¡REF!
PRODUCCION ABRIL   -2010   01 UNIDADES  JAPON (2DO. PARCIAL),#¡REF!
,#¡REF!
,#¡REF!
,#¡REF!
CHASIS,Concesionario
,#¡REF!
,#¡REF!
JDAJ210G0A1114691,#¡REF!
,#¡REF!
,#¡REF!
,#¡REF!
,#¡REF!
PRODUCCION ABRIL   -2010   10 UNIDADES  INDONESIA ,#¡REF!
,#¡REF!
,#¡REF!
,#¡REF!
CHASIS,Concesionario
,#¡REF!
,#¡REF!
MHKG2CP40AK002539,#¡REF!
MHKG2CP40AK002541,#¡REF!
MHKG2CP40AK002544,#¡REF!
MHKG2CP40AK002546,#¡REF!
MHKG2CP40AK002549,#¡REF!
MHKG2CP40AK002551,#¡REF!
MHKG2CP40AK002554,#¡REF!
MHKG2CP40AK002556,#¡REF!
MHKG2CP40AK002559,#¡REF!
MHKG2CP40AK002561,#¡REF!
,#¡REF!
,#¡REF!
,#¡REF!
,#¡REF!
PRODUCCION  MAYO-2010   14 UNIDADES  JAPON ,#¡REF!
,#¡REF!
,#¡REF!
,#¡REF!
CHASIS,Concesionario
,#¡REF!
,#¡REF!
JDAJ200G0B1026780,#¡REF!
JDAJ200G0B1026792,#¡REF!
JDAJ200G0B1026807,#¡REF!
JDAJ200G0B1026824,#¡REF!
JDAJ200G0B1026830,#¡REF!
JDAJ200G0B1026836,#¡REF!
JDAJ200G0B1026843,#¡REF!
JDAJ200G0B1026855,#¡REF!
JDAJ200G0B1026857,#¡REF!
JDAJ200G0B1026767,#¡REF!
JDAJ200G0B1026773,#¡REF!
JDAJ200G0B1026788,#¡REF!
JDAJ210G0B1114950,#¡REF!
JDAJ210G0B1114897,#¡REF!
,#¡REF!
,#¡REF!
,#¡REF!
,#¡REF!
PRODUCCION  MAYO-2010   02 UNIDADES  INDONESIA (1ER. PARCIAL),#¡REF!
,#¡REF!
,#¡REF!
,#¡REF!
CHASIS,Concesionario
,#¡REF!
,#¡REF!
MHKG2CN20AK000450,#¡REF!
MHKG2CN20AK000452,#¡REF!
,#¡REF!
,#¡REF!
,#¡REF!
,#¡REF!
PRODUCCION  JUNIO -2010   15 UNIDADES JAPON ,#¡REF!
,#¡REF!
,#¡REF!
,#¡REF!
CHASIS,Concesionario
,#¡REF!
,#¡REF!
JDAJ200G0B1027193,#¡REF!
JDAJ200G0B1027213,#¡REF!
JDAJ200G0B1027227,#¡REF!
JDAJ200G0B1027253,#¡REF!
JDAJ200G0B1027283,#¡REF!
JDAJ200G0B1027290,#¡REF!
JDAJ200G0B1027198,#¡REF!
JDAJ200G0B1027202,#¡REF!
JDAJ200G0B1027218,#¡REF!
JDAJ200G0B1027219,#¡REF!
JDAJ200G0B1027270,#¡REF!
JDAJ210G0B1115490,#¡REF!
JDAJ210G0B1115525,#¡REF!
JDAJ210G0B1115779,#¡REF!
JDAJ210G0B1115830,#¡REF!
,#¡REF!
,#¡REF!
,#¡REF!
,#¡REF!
PRODUCCION  MAYO-2010   06 UNIDADES INDONESIA  2DO. PARCIAL ,#¡REF!
,#¡REF!
,#¡REF!
,#¡REF!
CHASIS,Concesionario
,#¡REF!
,#¡REF!
MHKG2CN20AK000453,#¡REF!
MHKG2CN20AK000455,#¡REF!
MHKG2CN20AK000456,#¡REF!
MHKG2CN20AK000458,#¡REF!
MHKG2CN20AK000460,#¡REF!
MHKG2CN20AK000461,#¡REF!
,#¡REF!
,#¡REF!
,#¡REF!
PRODUCCION  MAYO-2010   02 UNIDADES  INDONESIA (3ER. PARCIAL),#¡REF!
,#¡REF!
,#¡REF!
,#¡REF!
CHASIS,Concesionario
,#¡REF!
,#¡REF!
MHKG2CN20AK000464,#¡REF!
MHKG2CN20AK000462,#¡REF!
,#¡REF!
,#¡REF!
,#¡REF!
,#¡REF!
,#¡REF!
PRODUCCION  JUNIO -2010   08 UNIDADES  INDONESIA   (1ER. PARCIAL),#¡REF!
,#¡REF!
,#¡REF!
,#¡REF!
CHASIS,Concesionario
,#¡REF!
,#¡REF!
MHKG2CN20AK000471,#¡REF!
MHKG2CN20AK000475,#¡REF!
MHKG2CN20AK000465,#¡REF!
MHKG2CN20AK000470,#¡REF!
MHKG2CN20AK000468,#¡REF!
MHKG2CN20AK000476,#¡REF!
MHKG2CN20AK000467,#¡REF!
MHKG2CN20AK000473,#¡REF!
,#¡REF!
,#¡REF!
,#¡REF!
PRODUCCION  JUNIO -2010   02 UNIDADES  INDONESIA   (2DO. PARCIAL),#¡REF!
,#¡REF!
,#¡REF!
,#¡REF!
CHASIS,Concesionario
,#¡REF!
,#¡REF!
MHKG2CN20AK000477,#¡REF!
MHKG2CN20AK000479,#¡REF!
,#¡REF!
,#¡REF!
,#¡REF!
,#¡REF!
,#¡REF!
PRODUCCION  JULIO -2010   10 UNIDADES  JAPON,#¡REF!
,#¡REF!
,#¡REF!
,#¡REF!
CHASIS,Concesionario
,#¡REF!
,#¡REF!
JDAJ200G0B1027574,#¡REF!
JDAJ200G0B1027581,#¡REF!
JDAJ200G0B1027602,#¡REF!
JDAJ200G0B1027616,#¡REF!
JDAJ200G0B1027624,#¡REF!
JDAJ200G0B1027647,#¡REF!
JDAJ200G0B1027661,#¡REF!
JDAJ200G0B1027685,#¡REF!
JDAJ200G0B1027709,#¡REF!
JDAJ210G0B1116600,#¡REF!
,#¡REF!
,#¡REF!
,#¡REF!
PRODUCCION  JULIO -2010   05 UNIDADES  INDONESIA,#¡REF!
,#¡REF!
,#¡REF!
,#¡REF!
CHASIS,Concesionario
,#¡REF!
,#¡REF!
MHKG2CP40AK002608,#¡REF!
MHKG2CP40AK002609,#¡REF!
MHKG2CP40AK002610,#¡REF!
MHKG2CP40AK002611,#¡REF!
MHKG2CP40AK002612,#¡REF!
,#¡REF!
,#¡REF!
,#¡REF!
,#¡REF!
PRODUCCION  AGOSTO  -2010   12 UNIDADES  JAPON,#¡REF!
,#¡REF!
,#¡REF!
,#¡REF!
CHASIS,Concesionario
,#¡REF!
,#¡REF!
JDAJ200G0B1027949,#¡REF!
JDAJ200G0B1027957,#¡REF!
JDAJ200G0B1027985,#¡REF!
JDAJ200G0B1027993,#¡REF!
JDAJ200G0B1028005,#¡REF!
JDAJ200G0B1028012,#¡REF!
JDAJ200G0B1027960,#¡REF!
JDAJ200G0B1027977,#¡REF!
JDAJ200G0B1028014,#¡REF!
JDAJ210G0B1116913,#¡REF!
JDAJ210G0B1117041,#¡REF!
JDAJ210G0B1117003,#¡REF!
,#¡REF!
,#¡REF!
,#¡REF!
,#¡REF!
,#¡REF!
PRODUCCION  SETIEMBRE   -2010   20 UNIDADES  JAPON,#¡REF!
,#¡REF!
,#¡REF!
,#¡REF!
CHASIS,Concesionario
,#¡REF!
,#¡REF!
JDAJ200G0B1028336,#¡REF!
JDAJ200G0B1028342,#¡REF!
JDAJ200G0B1028349,#¡REF!
JDAJ200G0B1028363,#¡REF!
JDAJ200G0B1028372,#¡REF!
JDAJ200G0B1028377,#¡REF!
JDAJ200G0B1028387,#¡REF!
JDAJ200G0B1028397,#¡REF!
JDAJ200G0B1028408,#¡REF!
JDAJ200G0B1028415,#¡REF!
JDAJ200G0B1028328,#¡REF!
JDAJ200G0B1028355,#¡REF!
JDAJ200G0B1028375,#¡REF!
JDAJ200G0B1028385,#¡REF!
JDAJ210G0B1117944,#¡REF!
JDAJ210G0B1117948,#¡REF!
JDAJ210G0B1118032,#¡REF!
JDAJ210G0B1118156,#¡REF!
JDAJ210G0B1118260,#¡REF!
JDAJ210G0B1118294,#¡REF!
,#¡REF!
,#¡REF!
,#¡REF!
,#¡REF!
PRODUCCION  OCTUBRE    -2010   20 UNIDADES  JAPON,#¡REF!
,#¡REF!
,#¡REF!
,#¡REF!
CHASIS,Concesionario
,#¡REF!
,#¡REF!
JDAJ200G0B1028770,#¡REF!
JDAJ200G0B1028778,#¡REF!
JDAJ200G0B1028797,#¡REF!
JDAJ200G0B1028811,#¡REF!
JDAJ200G0B1028822,#¡REF!
JDAJ200G0B1028825,#¡REF!
JDAJ200G0B1028846,#¡REF!
JDAJ210G0B1118621,#¡REF!
JDAJ210G0B1118636,#¡REF!
JDAJ210G0B1118639,#¡REF!
JDAJ210G0B1118660,#¡REF!
JDAJ210G0B1118668,#¡REF!
JDAJ210G0B1118669,#¡REF!
JDAJ210G0B1118695,#¡REF!
JDAJ210G0B1118700,#¡REF!
JDAJ210G0B1118625,#¡REF!
JDAJ210G0B1118687,#¡REF!
JDAJ210G0B1118694,#¡REF!
JDAJ210G0B1118704,#¡REF!
JDAJ210G0B1118736,#¡REF!
,#¡REF!
,#¡REF!
,#¡REF!
,#¡REF!
PRODUCCION  OCTUBRE    -2010   20 UNIDADES  INDONESIA,#¡REF!
,#¡REF!
,#¡REF!
,#¡REF!
CHASIS,Concesionario
,#¡REF!
,#¡REF!
MHKG2CN20BK000480,#¡REF!
MHKG2CN20BK000481,#¡REF!
MHKG2CN20BK000482,#¡REF!
MHKG2CN20BK000483,#¡REF!
MHKG2CN20BK000484,#¡REF!
MHKG2CN20BK000485,#¡REF!
MHKG2CN20BK000486,#¡REF!
MHKG2CN20BK000487,#¡REF!
MHKG2CN20BK000488,#¡REF!
MHKG2CN20BK000489,#¡REF!
MHKG2CP40BK002620,#¡REF!
MHKG2CP40BK002621,#¡REF!
MHKG2CP40BK002622,#¡REF!
MHKG2CP40BK002623,#¡REF!
MHKG2CP40BK002624,#¡REF!
MHKG2CP40BK002625,#¡REF!
MHKG2CP40BK002626,#¡REF!
MHKG2CP40BK002627,#¡REF!
MHKG2CP40BK002628,#¡REF!
MHKG2CP40BK002629,#¡REF!
,#¡REF!
,#¡REF!
,#¡REF!
,#¡REF!
PRODUCCION  JUNIO -2011   10 UNIDADES  JAPON (1ER. PARCIAL),#¡REF!
,#¡REF!
,#¡REF!
,#¡REF!
CHASIS,Concesionario
,#¡REF!
,#¡REF!
JDAJ200G0B1031352,#¡REF!
JDAJ200G0B1031364,SURQUILLO
JDAJ200G0B1031401,LIMA NORTE
JDAJ200G0B1031422,#¡REF!
JDAJ200G0B1031444,LA MARINA
JDAJ200G0B1031466,#¡REF!
JDAJ200G0B1031489,#¡REF!
JDAJ200G0B1031514,MINKA
JDAJ200G0B1031526,#¡REF!
JDAJ200G0B1031378,#¡REF!
,#¡REF!
,#¡REF!
,#¡REF!
PRODUCCION  JUNIO -2011   09 UNIDADES  JAPON ( 2DO. PARCIAL),#¡REF!
,#¡REF!
,#¡REF!
,#¡REF!
CHASIS,Concesionario
,#¡REF!
,#¡REF!
*JDAJ200G0B1031608*,#¡REF!
*JDAJ200G0B1031629*,AYLLON
*JDAJ200G0B1031659*,#¡REF!
*JDAJ200G0B1031685*,SURQUILLO
*JDAJ200G0B1031716*,#¡REF!
*JDAJ200G0B1031769*,MEGA PLAZA
*JDAJ200G0B1031561*,SURQUILLO
*JDAJ200G0B1031591*,#¡REF!
*JDAJ200G0B1031750*,SURQUILLO
,#¡REF!
,#¡REF!
,#¡REF!
PRODUCCION  JUNIO -2011   13 UNIDADES  INDONESIA (1ER. PARCIAL),#¡REF!
,#¡REF!
,#¡REF!
,#¡REF!
CHASIS,Concesionario
,#¡REF!
,#¡REF!
MHKG2CN20BK000490,#¡REF!
MHKG2CN20BK000491,#¡REF!
MHKG2CN20BK000492,#¡REF!
MHKG2CN20BK000493,#¡REF!
MHKG2CN20BK000522,#¡REF!
MHKG2CN20BK000523,#¡REF!
MHKG2CN20BK000524,#¡REF!
MHKG2CN20BK000525,#¡REF!
MHKG2CP40BK003180,#¡REF!
MHKG2CP40BK003181,#¡REF!
MHKG2CP40BK003183,#¡REF!
MHKG2CP40BK003193,#¡REF!
MHKG2CP40BK003194,#¡REF!
,#¡REF!
,#¡REF!
,#¡REF!
PRODUCCION  JUNIO -2011   02 UNIDADES  INDONESIA ( 2DO. PARCIAL),#¡REF!
,#¡REF!
,#¡REF!
,#¡REF!
CHASIS,Concesionario
,#¡REF!
,#¡REF!
MHKG2CP40BK003182,#¡REF!
MHKG2CP40BK003192,#¡REF!
,#¡REF!
,#¡REF!
,#¡REF!
,#¡REF!
,#¡REF!
PRODUCCION  JULIO -2011   16 UNIDADES  JAPON,#¡REF!
,#¡REF!
,#¡REF!
,#¡REF!
CHASIS,Concesionario
,#¡REF!
,#¡REF!
*JDAJ200G0C1031779*,#¡REF!
*JDAJ200G0C1031823*,#¡REF!
*JDAJ200G0C1031825*,#¡REF!
*JDAJ200G0C1031859*,#¡REF!
*JDAJ200G0C1031886*,#¡REF!
*JDAJ200G0C1031883*,#¡REF!
*JDAJ200G0C1031801*,#¡REF!
*JDAJ200G0C1031846*,INTERAMERICANA PIURA
*JDAJ200G0C1031901*,#¡REF!
*JDAJ200G0C1031936*,VIDA MOTOR
*JDAJ200G0C1031965*,#¡REF!
*JDAJ200G0C1031966*,#¡REF!
*JDAJ200G0C1031991*,#¡REF!
*JDAJ200G0C1031995*,#¡REF!
*JDAJ200G0C1031784*,#¡REF!
*JDAJ200G0C1031827*,#¡REF!
,#¡REF!
,#¡REF!
,#¡REF!
,#¡REF!
PRODUCCION  JULIO -2011   02 UNIDADES  INDONESIA (1ER. PARCIAL),#¡REF!
,#¡REF!
,#¡REF!
,#¡REF!
CHASIS,Concesionario
,#¡REF!
,#¡REF!
MHKG2CN20CK000527,MALAVER SALAZAR
MHKG2CN20CK000526,#¡REF!
,#¡REF!
,#¡REF!
,#¡REF!
,#¡REF!
PRODUCCION  JULIO -2011   04 UNIDADES  INDONESIA (2DO.. PARCIAL),#¡REF!
,#¡REF!
,#¡REF!
,#¡REF!
CHASIS,Concesionario
,#¡REF!
,#¡REF!
MHKG2CN20CK000531,#¡REF!
MHKG2CN20CK000530,VIDA MOTOR
MHKG2CN20CK000529,#¡REF!
MHKG2CN20CK000528,#¡REF!
,#¡REF!
,#¡REF!
,#¡REF!
PRODUCCION  JULIO -2011   03 UNIDADES  INDONESIA (3ER.. PARCIAL),#¡REF!
,#¡REF!
,#¡REF!
,#¡REF!
CHASIS,Concesionario
,#¡REF!
,#¡REF!
MHKG2CN20CK000532,#¡REF!
MHKG2CN20CK000533,#¡REF!
MHKG2CN20CK000534,#¡REF!
,#¡REF!
,#¡REF!
,#¡REF!
PRODUCCION  AGOSTO  -2011   01 UNIDADES  INDONESIA (1ER.. PARCIAL),#¡REF!
,#¡REF!
,#¡REF!
,#¡REF!
CHASIS,Concesionario
,#¡REF!
,#¡REF!
MHKG2CP40CK003309,#¡REF!
,#¡REF!
,#¡REF!
,#¡REF!
,#¡REF!
PRODUCCION  AGOSTO  -2011   09 UNIDADES  INDONESIA (2do. PARCIAL),#¡REF!
,#¡REF!
,#¡REF!
,#¡REF!
CHASIS,Concesionario
,#¡REF!
,#¡REF!
MHKG2CN20CK000535,MOVE AUTOMOTRIZ
MHKG2CN20CK000536,#¡REF!
MHKG2CN20CK000537,#¡REF!
MHKG2CN20CK000538,#¡REF!
MHKG2CN20CK000539,#¡REF!
MHKG2CP40CK003315,#¡REF!
MHKG2CP40CK003323,#¡REF!
MHKG2CP40CK003330,#¡REF!
MHKG2CP40CK003337,#¡REF!
,#¡REF!
,#¡REF!
,#¡REF!
PRODUCCION  SETIEMBRE  -2011   01 UNIDADES  INDONESIA (1ER. PARCIAL),#¡REF!
,#¡REF!
,#¡REF!
,#¡REF!
CHASIS,Concesionario
,#¡REF!
,#¡REF!
MHKG2CN20CK000543,#¡REF!
,#¡REF!
,#¡REF!
,#¡REF!
,#¡REF!
PRODUCCION  SETIEMBRE  -2011   17  UNIDADES  JAPON ,#¡REF!
,#¡REF!
,#¡REF!
,#¡REF!
CHASIS,Concesionario
,#¡REF!
,#¡REF!
JDAJ200G0C1033142,MOVE AUTOMOTRIZ
JDAJ200G0C1033158,SURQUILLO
JDAJ200G0C1033178,#¡REF!
JDAJ200G0C1033173,#¡REF!
JDAJ200G0C1033197,AYLLON
JDAJ200G0C1033185,#¡REF!
JDAJ200G0C1033216,SURQUILLO
JDAJ200G0C1033205,TRALSA
JDAJ200G0C1033229,#¡REF!
JDAJ200G0C1033232,INVERSIONES SURCO
JDAJ200G0C1033176,SURQUILLO
JDAJ200G0C1033187,TRALSA
JDAJ200G0C1033208,#¡REF!
JDAJ210G0C1125581,#¡REF!
JDAJ210G0C1125663,#¡REF!
JDAJ210G0C1125437,#¡REF!
JDAJ210G0C1125505,#¡REF!
,#¡REF!
,#¡REF!
,#¡REF!
,#¡REF!
PRODUCCION  SETIEMBRE  -2011   06  UNIDADES  INDONESIA (2DO. PARCIAL) ,#¡REF!
,#¡REF!
,#¡REF!
,#¡REF!
CHASIS,Concesionario
,#¡REF!
,#¡REF!
MHKG2CN20CK000548,#¡REF!
MHKG2CN20CK000553,#¡REF!
MHKG2CN20CK000560,#¡REF!
MHKG2CN20CK000565,VM MOTOR 
MHKG2CP40CK003352,#¡REF!
MHKG2CP40CK003373,LIMA NORTE
,#¡REF!
,#¡REF!
,#¡REF!
PRODUCCION  SETIEMBRE  -2011   03  UNIDADES  INDONESIA (3ER. PARCIAL) ,#¡REF!
,#¡REF!
                                                                                                                                                                                                                                                                                                                                                                                                                                                                                                                                                                                                                                                                                                                                                                                                                                                                                                                                                                                                                                                                                                                                                                                                                                                                                                                                                                                                                                                                                                                                                                                                                                                                                                                                                                                                                 ,#¡VALOR!
,#¡REF!
CHASIS,Concesionario
,#¡REF!
,#¡REF!
MHKG2CN20CK000576,#¡REF!
MHKG2CN20CK000571,#¡REF!
MHKG2CP40CK003399,#¡REF!
,#¡REF!
,#¡REF!
,#¡REF!
,#¡REF!
,#¡REF!
PRODUCCION  OCTUBRE  -2011   14  UNIDADES  JAPON  ,#¡REF!
,#¡REF!
,#¡REF!
,#¡REF!
CHASIS,Concesionario
,#¡REF!
,#¡REF!
JDAJ200G0C1033568,INTERAMERICANA CHICLAYO
JDAJ200G0C1033598,#¡REF!
JDAJ200G0C1033635,#¡REF!
JDAJ200G0C1033655,#¡REF!
JDAJ200G0C1033692,TRALSA
JDAJ200G0C1033727,SURQUILLO
JDAJ200G0C1033569,TRALSA
JDAJ200G0C1033590,TRALSA
JDAJ210G0C1126727,LIMA NORTE
JDAJ210G0C1126777,#¡REF!
JDAJ210G0C1126827,#¡REF!
JDAJ210G0C1126904,#¡REF!
JDAJ210G0C1126886,#¡REF!
JDAJ210G0C1126942,SURQUILLO
,#¡REF!
,#¡REF!
,#¡REF!
,#¡REF!
PRODUCCION  OCTUBRE  -2011   04  UNIDADES  INDONESIA  2DO. PARCIAL ,#¡REF!
,#¡REF!
,#¡REF!
,#¡REF!
CHASIS,Concesionario
,#¡REF!
,#¡REF!
MHKG2CN20CK000582,#¡REF!
MHKG2CN20CK000605,#¡REF!
MHKG2CN20CK000600,#¡REF!
MHKG2CP40CK003446,LA MARINA
,#¡REF!
,#¡REF!
,#¡REF!
,#¡REF!
PRODUCCION  OCTUBRE  -2011   06  UNIDADES  INDONESIA  1ER. PARCIAL ,#¡REF!
,#¡REF!
,#¡REF!
,#¡REF!
CHASIS,Concesionario
,#¡REF!
,#¡REF!
MHKG2CN20CK000596,#¡REF!
MHKG2CN20CK000587,SURQUILLO
MHKG2CN20CK000591,#¡REF!
MHKG2CP40CK003437,#¡REF!
MHKG2CP40CK003427,#¡REF!
MHKG2CP40CK003418,#¡REF!
,#¡REF!
,#¡REF!
,#¡REF!
PRODUCCION  NOVIEMBRE  -2011   05  UNIDADES  INDONESIA  1ER. PARCIAL,#¡REF!
,#¡REF!
,#¡REF!
,#¡REF!
CHASIS,Concesionario
,#¡REF!
,#¡REF!
MHKG2CN20CK000609,#¡REF!
MHKG2CN20CK000612,#¡REF!
MHKG2CN20CK000615,#¡REF!
MHKG2CP40CK003450,#¡REF!
MHKG2CP40CK003472,#¡REF!
,#¡REF!
,#¡REF!
,#¡REF!
,#¡REF!
PRODUCCION  NOVIEMBRE  -2011   04  UNIDADES  INDONESIA  2do. PARCIAL,#¡REF!
,#¡REF!
,#¡REF!
,#¡REF!
CHASIS,Concesionario
,#¡REF!
,#¡REF!
MHKG2CN20CK000618,#¡REF!
MHKG2CN20CK000621,#¡REF!
MHKG2CP40CK003489,SURQUILLO
MHKG2CP40CK003510,SURQUILLO
,#¡REF!
,#¡REF!
,#¡REF!
,#¡REF!
PRODUCCION  NOVIEMBRE  -2011   06  UNIDADES  JAPON ,#¡REF!
,#¡REF!
,#¡REF!
,#¡REF!
CHASIS,Concesionario
,#¡REF!
,#¡REF!
JDAJ200G0C1033874,SURQUILLO
JDAJ200G0C1033875,SURQUILLO
JDAJ200G0C1033886,SURQUILLO
JDAJ200G0C1033896,TRALSA
JDAJ210G0C1127398,LA MARINA
JDAJ210G0C1127409,#¡REF!
,#¡REF!
,#¡REF!
,#¡REF!
,#¡REF!
PRODUCCION  DICIEMBRE  -2011   04  UNIDADES  INDONESIA  ,#¡REF!
,#¡REF!
,#¡REF!
,#¡REF!
CHASIS,Concesionario
,#¡REF!
,#¡REF!
MHKG2CN20CK000623,#¡REF!
MHKG2CN20CK000624,#¡REF!
MHKG2CN20CK000625,#¡REF!
MHKG2CN20CK000626,#¡REF!
,#¡REF!
,#¡REF!
,#¡REF!
,#¡REF!
PRODUCCION  ENERO  -2012   08  UNIDADES  JAPON  ,#¡REF!
,#¡REF!
,#¡REF!
,#¡REF!
CHASIS,Concesionario
,#¡REF!
,#¡REF!
JDAJ200G0C1034362,TRALSA
JDAJ200G0C1034385,TRALSA
JDAJ200G0C1034398,SURQUILLO
JDAJ200G0C1034399,#¡REF!
JDAJ200G0C1034421,TRALSA
JDAJ200G0C1034410,TRALSA
JDAJ200G0C1034393,TRALSA
JDAJ200G0C1034411,TRALSA
,#¡REF!
,#¡REF!
,#¡REF!
,#¡REF!
PRODUCCION  FEBRERO  -2012   08  UNIDADES  JAPON  ,#¡REF!
,#¡REF!
,#¡REF!
,#¡REF!
CHASIS,Concesionario
,#¡REF!
,#¡REF!
JDAJ200G0C1034683,TRALSA
JDAJ200G0C1034716,TRALSA
JDAJ200G0C1034733,TRALSA
JDAJ200G0C1034758,TRALSA
JDAJ210G0C1128954,#¡REF!
JDAJ210G0C1128982,TRALSA
JDAJ210G0C1129003,TRALSA
JDAJ210G0C1129046,#¡REF!
,#¡REF!
,#¡REF!
,#¡REF!
PRODUCCION  ENERO  -2012   04  UNIDADES  INDONESIA  ,#¡REF!
,#¡REF!
,#¡REF!
,#¡REF!
CHASIS,Concesionario
,#¡REF!
,#¡REF!
MHKG2CN20CK000630,SURQUILLO
MHKG2CN20CK000634,#¡REF!
MHKG2CN20CK000635,#¡REF!
MHKG2CN20CK000636,#¡REF!
,#¡REF!
,#¡REF!
,#¡REF!
PRODUCCION  FEBRERO  -2012   04  UNIDADES  INDONESIA  ,
,#¡REF!
,#¡REF!
,#¡REF!
CHASIS,
,#¡REF!
,#¡REF!
MHKG2CN20CK000640,TRALSA
MHKG2CN20CK000641,TRALSA
MHKG2CN20CK000642,TRALSA
MHKG2CP40CK003666,#¡REF!
,#¡REF!
,#¡REF!
,#¡REF!
,#¡REF!
PRODUCCION  MARZO  -2012   05  UNIDADES  INDONESIA  ,
,#¡REF!
,#¡REF!
,#¡REF!
CHASIS,
,#¡REF!
,#¡REF!
MHKG2CN20CK000643,TRALSA
MHKG2CN20CK000645,TRALSA
MHKG2CP40CK003700,TRALSA
MHKG2CP40CK003714,TRALSA
MHKG2CP40CK003726,TRALSA
,#¡REF!
,#¡REF!
,#¡REF!
,
PRODUCCION  MARZO  -2012   06  UNIDADES  JAPON ,
,#¡REF!
,#¡REF!
,#¡REF!
CHASIS,
,#¡REF!
,#¡REF!
JDAJ200G0C1034859,TRALSA
JDAJ200G0C1034880,#¡REF!
JDAJ200G0C1034916,#¡REF!
JDAJ200G0C1034940,#¡REF!
JDAJ200G0C1034988,#¡REF!
JDAJ200G0C1034735,#¡REF!
