Modelo,Chasis,Color,Fab
COMMUTER IS,LPBMBDTE1FJ505616,BLANCO,2015
COMMUTER IS,LPBMBDTE2FJ505611,BLANCO,2015
COMMUTER IS,LPBMBDTE7FJ505619,BLANCO,2015
COMMUTER IS,LPBMBDTE7FJ505605,BLANCO,2015
COMMUTER IS,LPBMBDTE4FJ505609,BLANCO,2015
COMMUTER IS,LPBMBDTE0FJ505610,BLANCO,2015
COMMUTER IS,LPBMBDTE1FJ505602,BLANCO,2015
COMMUTER IS,LPBMBDTE9FJ505606,BLANCO,2015
COMMUTER IS,LPBMBDTE3FJ505603,BLANCO,2015
COMMUTER IS,LPBMBDTE2FJ505625,BLANCO,2015
COMMUTER IS,LPBMBDTE5FJ505618,BLANCO,2015
COMMUTER IS,LPBMBDTE4FJ505612,BLANCO,2015
COMMUTER IS,LPBMBDTE3FJ505617,BLANCO,2015
COMMUTER IS,LPBMBDTE2FJ505608,BLANCO,2015
COMMUTER IS,LPBMBDTE3FJ505620,BLANCO,2015
COMMUTER IS,LPBMBDTEXFJ505615,BLANCO,2015
COMMUTER IS,LPBMBDTE5FJ505604,BLANCO,2015
COMMUTER IS,LPBMBDTE6FJ505613,BLANCO,2015
COMMUTER IS,LPBMBDTE0FJ505607,BLANCO,2015
COMMUTER IS,LPBMBDTE8FJ505614,BLANCO,2015
COMMUTER IS,LPBMBDTE8FJ505631,BLANCO,2015
COMMUTER IS,LPBMBDTE0FJ505624,BLANCO,2015
COMMUTER IS,LPBMBDTE8FJ505628,BLANCO,2015
COMMUTER IS,LPBMBDTEXFJ505632,BLANCO,2015
COMMUTER IS,LPBMBDTE6FJ505630,BLANCO,2015
COMMUTER IS,LPBMBDTE3FJ505648,BLANCO,2015
COMMUTER IS,LPBMBDTE9FJ505623,BLANCO,2015
COMMUTER IS,LPBMBDTE1FJ505633,BLANCO,2015
COMMUTER IS,LPBMBDTE5FJ505621,BLANCO,2015
COMMUTER IS,LPBMBDTE7FJ505622,BLANCO,2015
COMMUTER IS,LPBMBDTE6FJ505689,BLANCO,2015
COMMUTER IS,LPBMBDTE2FJ505687,BLANCO,2015
COMMUTER IS,LPBMBDTE4FJ505688,BLANCO,2015
COMMUTER IS,LPBMBDTE4FJ505657,BLANCO,2015
COMMUTER IS,LPBMBDTE0FJ505686,BLANCO,2015
COMMUTER IS,LPBMBDTE8FJ505659,BLANCO,2015
COMMUTER IS,LPBMBDTE9FJ505685,BLANCO,2015
COMMUTER IS,LPBMBDTE3FJ505682,BLANCO,2015
COMMUTER IS,LPBMBDTE7FJ505684,BLANCO,2015
COMMUTER IS,LPBMBDTE4FJ505691,BLANCO,2015
COMMUTER IS,LPBMBDTE9FJ505671,BLANCO,2015
COMMUTER IS,LPBMBDTE1FJ505664,BLANCO,2015
COMMUTER IS,LPBMBDTE3FJ505665,BLANCO,2015
COMMUTER IS,LPBMBDTEXFJ505677,BLANCO,2015
COMMUTER IS,LPBMBDTE2FJ505673,BLANCO,2015
COMMUTER IS,LPBMBDTE7FJ505670,BLANCO,2015
COMMUTER IS,LPBMBDTE3FJ505679,BLANCO,2015
COMMUTER IS,LPBMBDTE8FJ505676,BLANCO,2015
COMMUTER IS,LPBMBDTE0FJ505669,BLANCO,2015
COMMUTER IS,LPBMBDTE6FJ505675,BLANCO,2015
COMMUTER IS,LPBMBDTEXFJ505680,BLANCO,2015
COMMUTER IS,LPBMBDTE0FJ505672,BLANCO,2015
COMMUTER IS,LPBMBDTE2FJ505690,BLANCO,2015
COMMUTER IS,LPBMBDTE7FJ505667,BLANCO,2015
COMMUTER IS,LPBMBDTE1FJ505678,BLANCO,2015
COMMUTER IS,LPBMBDTE1FJ505681,BLANCO,2015
COMMUTER IS,LPBMBDTE9FJ505668,BLANCO,2015
COMMUTER IS,LPBMBDTE4FJ505674,BLANCO,2015
COMMUTER IS,LPBMBDTE5FJ505666,BLANCO,2015
COMMUTER IS,LPBMBDTE5FJ505683,BLANCO,2015
COMMUTER IS,LPBMBDTE0FJ505574,BLANCO,2015
COMMUTER IS,LPBMBDTEXFJ505582,BLANCO,2015
COMMUTER IS,LPBMBDTE4FJ505576,BLANCO,2015
COMMUTER IS,LPBMBDTE9FJ505587,BLANCO,2015
COMMUTER IS,LPBMBDTE3FJ505584,BLANCO,2015
COMMUTER IS,LPBMBDTE1FJ505583,BLANCO,2015
COMMUTER IS,LPBMBDTE6FJ505577,BLANCO,2015
COMMUTER IS,LPBMBDTE2FJ505642,BLANCO,2015
COMMUTER IS,LPBMBDTE4FJ505643,BLANCO,2015
COMMUTER IS,LPBMBDTE2FJ505639,BLANCO,2015
COMMUTER IS,LPBMBDTEXFJ505646,BLANCO,2015
COMMUTER IS,LPBMBDTE6FJ505627,BLANCO,2015
COMMUTER IS,LPBMBDTE0FJ505641,BLANCO,2015
COMMUTER IS,LPBMBDTE9FJ505640,BLANCO,2015
COMMUTER IS,LPBMBDTE6FJ505644,BLANCO,2015
COMMUTER IS,LPBMBDTE6FJ505661,BLANCO,2015
COMMUTER IS,LPBMBDTE3FJ505634,BLANCO,2015
COMMUTER IS,LPBMBDTE5FJ505635,BLANCO,2015
COMMUTER IS,LPBMBDTE3FJ505651,BLANCO,2015
COMMUTER IS,LPBMBDTE2FJ505656,BLANCO,2015
COMMUTER IS,LPBMBDTE7FJ505653,BLANCO,2015
COMMUTER IS,LPBMBDTE1FJ505650,BLANCO,2015
COMMUTER IS,LPBMBDTE9FJ505654,BLANCO,2015
COMMUTER IS,LPBMBDTE9FJ505637,BLANCO,2015
COMMUTER IS,LPBMBDTE4FJ505660,BLANCO,2015
COMMUTER IS,LPBMBDTE8FJ505662,BLANCO,2015
COMMUTER IS,LPBMBDTE6FJ505658,BLANCO,2015
COMMUTER IS,LPBMBDTE5FJ505649,BLANCO,2015
COMMUTER IS,LPBMBDTEXFJ505663,BLANCO,2015
COMMUTER IS,LPBMBDTE4FJ505626,BLANCO,2015
COMMUTER IS,LPBMBDTE1FJ505132,BLANCO,2014
COMMUTER IS,LPBMBDTEXFJ505629,BLANCO,2015
COMMUTER IS,LPBMBDTE8FJ505645,BLANCO,2015
COMMUTER IS,LPBMBDTE9FJ505590,BLANCO,2015
COMMUTER IS,LPBMBDTE0FJ505638,BLANCO,2015
