SERIE ,MODELO
JDAJ210G0F3011269,Safety 4x4 MT
LS4A675Y0EG000476,CITIZEN II
MHKG2CN20FK001482,Long 4x2 MT
PENDIENTE DE ASIGNAR ,Verificar VIN
LHBPD1US3FK205468,B50
LHBPA1UR1FK205412,B40
JDAJ200G0F3008361,Alloy 4x2 MT
LVBVCJD68EN030975,F45
LVBVCJD64EN030973,F45
LVBVCJD67EN010247,F45
LHBPA1UR2FK205421,B40-CB
LHBR3HSN8DN106593,DESTROYER III
MHKG2CN20FK001462,Long 4x2 MT
MHKG2CN20FK001475,Long 4x2 MT
LVBVCJD64FN045040,F45
LVBV9JD35FN030034,F35
MHKG2CN20FK001467,Long 4x2 MT
LHBPFPUS4FK205072,B100
JDAJ210G0F3009956,Safety 4x4 MT
JDAJ200G0E3006351,Basic 4x2 AT
MHKG2CP40FK005496,Long 4x2 AT LUXURY
JDAJ200G0E3005921,Basic 4x2 AT
LVBDEJEA9FN030106,FD40
LS4A675Y4EG001842,CITIZEN II
LHBPD1US1FK205050,B50
LPBMBDTE1FJ505132,COMMUTER IS
MHKG2CP40EK005273,Long 4x2 AT LUXURY
LPBMBDTE9FJ505590,COMMUTER IS
PENDIENTE DE ASIGNAR ,Verificar VIN
LVBVMPHN8EN045588,F130